key,country,classification,taxonomic_class,common_name_french_CF_doc,scientific_name_CF_doc,scientific_name_CF_final,category,common_name_prov,source_link
1,CF,A,Mammalia,Léopard,NULL,Panthera pardus,VU,IUCN,https://docplayer.fr/14998673-Etude-comparative-des-textes-legislatifs-et-reglementaires-relatifs-a-la-gestion-de-la-faune-et-de-la-chasse-dans-cinq-pays-du-bassin-du-congo.html
2,CF,A,Mammalia,Guépard,NULL,Acinonyx jubatus,VU,IUCN,https://docplayer.fr/14998673-Etude-comparative-des-textes-legislatifs-et-reglementaires-relatifs-a-la-gestion-de-la-faune-et-de-la-chasse-dans-cinq-pays-du-bassin-du-congo.html
3,CF,A,Mammalia,Hyène rayée,NULL,Hyaena hyaena,NT,IUCN,https://docplayer.fr/14998673-Etude-comparative-des-textes-legislatifs-et-reglementaires-relatifs-a-la-gestion-de-la-faune-et-de-la-chasse-dans-cinq-pays-du-bassin-du-congo.html
4,CF,A,Mammalia,Hyène tachetée,NULL,Crocuta crocuta,LC,FrWiki,https://docplayer.fr/14998673-Etude-comparative-des-textes-legislatifs-et-reglementaires-relatifs-a-la-gestion-de-la-faune-et-de-la-chasse-dans-cinq-pays-du-bassin-du-congo.html
5,CF,A,Mammalia,Cynhiène ou Lycaon,NULL,Lycaon pictus,EN,IUCN,https://docplayer.fr/14998673-Etude-comparative-des-textes-legislatifs-et-reglementaires-relatifs-a-la-gestion-de-la-faune-et-de-la-chasse-dans-cinq-pays-du-bassin-du-congo.html
6,CF,A,Mammalia,Gorille,NULL,Gorilla gorilla ssp. gorilla,CR,FrWiki,https://docplayer.fr/14998673-Etude-comparative-des-textes-legislatifs-et-reglementaires-relatifs-a-la-gestion-de-la-faune-et-de-la-chasse-dans-cinq-pays-du-bassin-du-congo.html
7,CF,A,Mammalia,Chimpanzé,NULL,Pan troglodytes ssp. troglodytes,EN,FrWiki,https://docplayer.fr/14998673-Etude-comparative-des-textes-legislatifs-et-reglementaires-relatifs-a-la-gestion-de-la-faune-et-de-la-chasse-dans-cinq-pays-du-bassin-du-congo.html
8,CF,A,Mammalia,Chimpanzé,NULL,Pan troglodytes ssp. schweinfurthii,EN,FrWiki,https://docplayer.fr/14998673-Etude-comparative-des-textes-legislatifs-et-reglementaires-relatifs-a-la-gestion-de-la-faune-et-de-la-chasse-dans-cinq-pays-du-bassin-du-congo.html
9,CF,A,Mammalia,Colobes,NULL,Colobus guereza,LC,IUCN,https://docplayer.fr/14998673-Etude-comparative-des-textes-legislatifs-et-reglementaires-relatifs-a-la-gestion-de-la-faune-et-de-la-chasse-dans-cinq-pays-du-bassin-du-congo.html
10,CF,A,Mammalia,Colobes,NULL,Piliocolobus oustaleti,VU,IUCN,https://docplayer.fr/14998673-Etude-comparative-des-textes-legislatifs-et-reglementaires-relatifs-a-la-gestion-de-la-faune-et-de-la-chasse-dans-cinq-pays-du-bassin-du-congo.html
11,CF,A,Mammalia,Pattos,NULL,Arctocebus aureus,LC,FrWiki,https://docplayer.fr/14998673-Etude-comparative-des-textes-legislatifs-et-reglementaires-relatifs-a-la-gestion-de-la-faune-et-de-la-chasse-dans-cinq-pays-du-bassin-du-congo.html
12,CF,A,Mammalia,Pattos,NULL,Perodicticus edwardsi,LC,FrWiki,https://docplayer.fr/14998673-Etude-comparative-des-textes-legislatifs-et-reglementaires-relatifs-a-la-gestion-de-la-faune-et-de-la-chasse-dans-cinq-pays-du-bassin-du-congo.html
13,CF,A,Mammalia,Galagos,NULL,Galago senegalensis,LC,IUCN,https://docplayer.fr/14998673-Etude-comparative-des-textes-legislatifs-et-reglementaires-relatifs-a-la-gestion-de-la-faune-et-de-la-chasse-dans-cinq-pays-du-bassin-du-congo.html
14,CF,A,Mammalia,Galagos,NULL,Galagoides demidoff,LC,IUCN,https://docplayer.fr/14998673-Etude-comparative-des-textes-legislatifs-et-reglementaires-relatifs-a-la-gestion-de-la-faune-et-de-la-chasse-dans-cinq-pays-du-bassin-du-congo.html
15,CF,A,Mammalia,Galagos,NULL,Galagoides thomasi,LC,FrWiki (IUCN typo),https://docplayer.fr/14998673-Etude-comparative-des-textes-legislatifs-et-reglementaires-relatifs-a-la-gestion-de-la-faune-et-de-la-chasse-dans-cinq-pays-du-bassin-du-congo.html
16,CF,A,Mammalia,Galagos,NULL,Euoticus elegantulus,LC,IUCN,https://docplayer.fr/14998673-Etude-comparative-des-textes-legislatifs-et-reglementaires-relatifs-a-la-gestion-de-la-faune-et-de-la-chasse-dans-cinq-pays-du-bassin-du-congo.html
17,CF,A,Mammalia,Galagos,NULL,Sciurocheirus gabonensis,LC,N/A,https://docplayer.fr/14998673-Etude-comparative-des-textes-legislatifs-et-reglementaires-relatifs-a-la-gestion-de-la-faune-et-de-la-chasse-dans-cinq-pays-du-bassin-du-congo.html
18,CF,A,Mammalia,Rhinocéros noir,NULL,Diceros bicornis,CR,IUCN,https://docplayer.fr/14998673-Etude-comparative-des-textes-legislatifs-et-reglementaires-relatifs-a-la-gestion-de-la-faune-et-de-la-chasse-dans-cinq-pays-du-bassin-du-congo.html
19,CF,A,Mammalia,Rhinocéros blanc,NULL,Ceratotherium simum ssp. cottoni,NT,IUCN,https://docplayer.fr/14998673-Etude-comparative-des-textes-legislatifs-et-reglementaires-relatifs-a-la-gestion-de-la-faune-et-de-la-chasse-dans-cinq-pays-du-bassin-du-congo.html
20,CF,A,Mammalia,Hippopotame,NULL,Hippopotamus amphibius,VU,IUCN,https://docplayer.fr/14998673-Etude-comparative-des-textes-legislatifs-et-reglementaires-relatifs-a-la-gestion-de-la-faune-et-de-la-chasse-dans-cinq-pays-du-bassin-du-congo.html
21,CF,A,Mammalia,Pangolin géant,NULL,Smutsia gigantea,EN,IUCN,https://docplayer.fr/14998673-Etude-comparative-des-textes-legislatifs-et-reglementaires-relatifs-a-la-gestion-de-la-faune-et-de-la-chasse-dans-cinq-pays-du-bassin-du-congo.html
22,CF,A,Mammalia,Lamantin,NULL,Trichechus senegalensis,VU,IUCN,https://docplayer.fr/14998673-Etude-comparative-des-textes-legislatifs-et-reglementaires-relatifs-a-la-gestion-de-la-faune-et-de-la-chasse-dans-cinq-pays-du-bassin-du-congo.html
23,CF,A,Mammalia,Oryctérope,NULL,Orycteropus afer,LC,IUCN,https://docplayer.fr/14998673-Etude-comparative-des-textes-legislatifs-et-reglementaires-relatifs-a-la-gestion-de-la-faune-et-de-la-chasse-dans-cinq-pays-du-bassin-du-congo.html
24,CF,A,Mammalia,Girafe,NULL,Giraffa camelopardalis ssp. antiquorum,CR,FrWiki,https://docplayer.fr/14998673-Etude-comparative-des-textes-legislatifs-et-reglementaires-relatifs-a-la-gestion-de-la-faune-et-de-la-chasse-dans-cinq-pays-du-bassin-du-congo.html
25,CF,A,Mammalia,Koudou,NULL,Tragelaphus strepsiceros,LC,IUCN,https://docplayer.fr/14998673-Etude-comparative-des-textes-legislatifs-et-reglementaires-relatifs-a-la-gestion-de-la-faune-et-de-la-chasse-dans-cinq-pays-du-bassin-du-congo.html
26,CF,A,Mammalia,Chevrotain aquatique,NULL,Hyemoschus aquaticus,LC,IUCN,https://docplayer.fr/14998673-Etude-comparative-des-textes-legislatifs-et-reglementaires-relatifs-a-la-gestion-de-la-faune-et-de-la-chasse-dans-cinq-pays-du-bassin-du-congo.html
27,CF,A,Mammalia,Antilope de Bates,NULL,Neotragus batesi,LC,FrWiki,https://docplayer.fr/14998673-Etude-comparative-des-textes-legislatifs-et-reglementaires-relatifs-a-la-gestion-de-la-faune-et-de-la-chasse-dans-cinq-pays-du-bassin-du-congo.html
28,CF,A,Mammalia,Genette servaline,NULL,Genetta servalina,LC,IUCN,https://docplayer.fr/14998673-Etude-comparative-des-textes-legislatifs-et-reglementaires-relatifs-a-la-gestion-de-la-faune-et-de-la-chasse-dans-cinq-pays-du-bassin-du-congo.html
29,CF,A,Mammalia,Oreotrague sauteur,NULL,Oreotragus oreotragus,LC,IUCN,https://docplayer.fr/14998673-Etude-comparative-des-textes-legislatifs-et-reglementaires-relatifs-a-la-gestion-de-la-faune-et-de-la-chasse-dans-cinq-pays-du-bassin-du-congo.html
30,CF,A,Mammalia,Oreotrague sauteur,NULL,Oreotragus oreotragus ssp. porteousi,EN,none given,https://docplayer.fr/14998673-Etude-comparative-des-textes-legislatifs-et-reglementaires-relatifs-a-la-gestion-de-la-faune-et-de-la-chasse-dans-cinq-pays-du-bassin-du-congo.html
31,CF,A,Mammalia,Dama,NULL,,,,https://docplayer.fr/14998673-Etude-comparative-des-textes-legislatifs-et-reglementaires-relatifs-a-la-gestion-de-la-faune-et-de-la-chasse-dans-cinq-pays-du-bassin-du-congo.html
32,CF,A,Reptilia,Varan,NULL,Varanus exanthematicus,LC,IUCN,https://docplayer.fr/14998673-Etude-comparative-des-textes-legislatifs-et-reglementaires-relatifs-a-la-gestion-de-la-faune-et-de-la-chasse-dans-cinq-pays-du-bassin-du-congo.html
33,CF,A,Reptilia,Varan,NULL,Varanus niloticus,LC,FrWiki,https://docplayer.fr/14998673-Etude-comparative-des-textes-legislatifs-et-reglementaires-relatifs-a-la-gestion-de-la-faune-et-de-la-chasse-dans-cinq-pays-du-bassin-du-congo.html
34,CF,A,Reptilia,Crocodiles,NULL,Mecistops cataphractus,CR,IUCN,https://docplayer.fr/14998673-Etude-comparative-des-textes-legislatifs-et-reglementaires-relatifs-a-la-gestion-de-la-faune-et-de-la-chasse-dans-cinq-pays-du-bassin-du-congo.html
35,CF,A,Reptilia,Crocodiles,NULL,Osteolaemus tetraspis,VU,IUCN,https://docplayer.fr/14998673-Etude-comparative-des-textes-legislatifs-et-reglementaires-relatifs-a-la-gestion-de-la-faune-et-de-la-chasse-dans-cinq-pays-du-bassin-du-congo.html
36,CF,A,Mammalia,Chacals communs,NULL,Canis adustus,LC,IUCN,https://docplayer.fr/14998673-Etude-comparative-des-textes-legislatifs-et-reglementaires-relatifs-a-la-gestion-de-la-faune-et-de-la-chasse-dans-cinq-pays-du-bassin-du-congo.html
37,CF,A,Mammalia,Potamogale,NULL,Potamogale velox,LC,IUCN,https://docplayer.fr/14998673-Etude-comparative-des-textes-legislatifs-et-reglementaires-relatifs-a-la-gestion-de-la-faune-et-de-la-chasse-dans-cinq-pays-du-bassin-du-congo.html
38,CF,A,Aves,Autruche,NULL,Struthio camelus,LC,FrWiki,https://docplayer.fr/14998673-Etude-comparative-des-textes-legislatifs-et-reglementaires-relatifs-a-la-gestion-de-la-faune-et-de-la-chasse-dans-cinq-pays-du-bassin-du-congo.html
39,CF,A,Aves,Messager serpentaire,NULL,Sagittarius serpentarius,EN,IUCN,https://docplayer.fr/14998673-Etude-comparative-des-textes-legislatifs-et-reglementaires-relatifs-a-la-gestion-de-la-faune-et-de-la-chasse-dans-cinq-pays-du-bassin-du-congo.html
40,CF,A,Aves,Pélican,NULL,Pelecanus onocrotalus,LC,IUCN,https://docplayer.fr/14998673-Etude-comparative-des-textes-legislatifs-et-reglementaires-relatifs-a-la-gestion-de-la-faune-et-de-la-chasse-dans-cinq-pays-du-bassin-du-congo.html
41,CF,A,Aves,Pélican,NULL,Pelecanus rufescens,LC,IUCN,https://docplayer.fr/14998673-Etude-comparative-des-textes-legislatifs-et-reglementaires-relatifs-a-la-gestion-de-la-faune-et-de-la-chasse-dans-cinq-pays-du-bassin-du-congo.html
42,CF,A,Aves,Ombrette,NULL,Scopus umbretta,LC,IUCN,https://docplayer.fr/14998673-Etude-comparative-des-textes-legislatifs-et-reglementaires-relatifs-a-la-gestion-de-la-faune-et-de-la-chasse-dans-cinq-pays-du-bassin-du-congo.html
43,CF,A,Aves,Jabiru du Sénégal,NULL,Ephippiorhynchus senegalensis,LC,IUCN,https://docplayer.fr/14998673-Etude-comparative-des-textes-legislatifs-et-reglementaires-relatifs-a-la-gestion-de-la-faune-et-de-la-chasse-dans-cinq-pays-du-bassin-du-congo.html
44,CF,A,Aves,Grande outarde,NULL,Eupodotis senegalensis,LC,IUCN,https://docplayer.fr/14998673-Etude-comparative-des-textes-legislatifs-et-reglementaires-relatifs-a-la-gestion-de-la-faune-et-de-la-chasse-dans-cinq-pays-du-bassin-du-congo.html
45,CF,A,Aves,Grande outarde,NULL,Lissotis melanogaster,LC,IUCN,https://docplayer.fr/14998673-Etude-comparative-des-textes-legislatifs-et-reglementaires-relatifs-a-la-gestion-de-la-faune-et-de-la-chasse-dans-cinq-pays-du-bassin-du-congo.html
46,CF,A,Aves,Grande outarde,NULL,Neotis denhami,NT,IUCN,https://docplayer.fr/14998673-Etude-comparative-des-textes-legislatifs-et-reglementaires-relatifs-a-la-gestion-de-la-faune-et-de-la-chasse-dans-cinq-pays-du-bassin-du-congo.html
47,CF,A,Aves,Grande outarde,NULL,Ardeotis arabs,NT,IUCN,https://docplayer.fr/14998673-Etude-comparative-des-textes-legislatifs-et-reglementaires-relatifs-a-la-gestion-de-la-faune-et-de-la-chasse-dans-cinq-pays-du-bassin-du-congo.html
48,CF,A,Aves,Grue couronnée,NULL,Balearica pavonina,VU,IUCN,https://docplayer.fr/14998673-Etude-comparative-des-textes-legislatifs-et-reglementaires-relatifs-a-la-gestion-de-la-faune-et-de-la-chasse-dans-cinq-pays-du-bassin-du-congo.html
49,CF,A,Aves,Gyps africain,NULL,Gyps africanus,CR,IUCN,https://docplayer.fr/14998673-Etude-comparative-des-textes-legislatifs-et-reglementaires-relatifs-a-la-gestion-de-la-faune-et-de-la-chasse-dans-cinq-pays-du-bassin-du-congo.html
50,CF,A,Aves,Gyps de Ruppel,NULL,Gyps rueppelli,CR,IUCN,https://docplayer.fr/14998673-Etude-comparative-des-textes-legislatifs-et-reglementaires-relatifs-a-la-gestion-de-la-faune-et-de-la-chasse-dans-cinq-pays-du-bassin-du-congo.html
51,CF,A,Aves,Grand Calao,NULL,Bucorvus abyssinicus,VU,IUCN,https://docplayer.fr/14998673-Etude-comparative-des-textes-legislatifs-et-reglementaires-relatifs-a-la-gestion-de-la-faune-et-de-la-chasse-dans-cinq-pays-du-bassin-du-congo.html
52,CF,A,Aves,Héron grand boeuf,NULL,Bubulcus ibis,LC,IUCN,https://docplayer.fr/14998673-Etude-comparative-des-textes-legislatifs-et-reglementaires-relatifs-a-la-gestion-de-la-faune-et-de-la-chasse-dans-cinq-pays-du-bassin-du-congo.html
53,CF,A,Aves,Bec en sabot,NULL,Balaeniceps rex,VU,IUCN,https://docplayer.fr/14998673-Etude-comparative-des-textes-legislatifs-et-reglementaires-relatifs-a-la-gestion-de-la-faune-et-de-la-chasse-dans-cinq-pays-du-bassin-du-congo.html
54,CF,A,Reptilia,Tortue géante,NULL,,,,https://docplayer.fr/14998673-Etude-comparative-des-textes-legislatifs-et-reglementaires-relatifs-a-la-gestion-de-la-faune-et-de-la-chasse-dans-cinq-pays-du-bassin-du-congo.html
55,CF,A,Aves,Marabout,NULL,Leptoptilos crumenifer,LC,IUCN,https://docplayer.fr/14998673-Etude-comparative-des-textes-legislatifs-et-reglementaires-relatifs-a-la-gestion-de-la-faune-et-de-la-chasse-dans-cinq-pays-du-bassin-du-congo.html
56,CF,A,Aves,Jacana,NULL,Microparra capensis,LC,IUCN,https://docplayer.fr/14998673-Etude-comparative-des-textes-legislatifs-et-reglementaires-relatifs-a-la-gestion-de-la-faune-et-de-la-chasse-dans-cinq-pays-du-bassin-du-congo.html
57,CF,A,Aves,Jacana,NULL,Actophilornis africanus,LC,IUCN,https://docplayer.fr/14998673-Etude-comparative-des-textes-legislatifs-et-reglementaires-relatifs-a-la-gestion-de-la-faune-et-de-la-chasse-dans-cinq-pays-du-bassin-du-congo.html
58,CF,A,Aves,Epervier pic,NULL,Accipiter melanoleucus,LC,IUCN,https://docplayer.fr/14998673-Etude-comparative-des-textes-legislatifs-et-reglementaires-relatifs-a-la-gestion-de-la-faune-et-de-la-chasse-dans-cinq-pays-du-bassin-du-congo.html
59,CF,A,Mammalia,Céphalophe à front noir,NULL,Cephalophus nigrifrons,LC,IUCN,https://docplayer.fr/14998673-Etude-comparative-des-textes-legislatifs-et-reglementaires-relatifs-a-la-gestion-de-la-faune-et-de-la-chasse-dans-cinq-pays-du-bassin-du-congo.html
60,CF,A,Mammalia,Ratel,NULL,Mellivora capensis,LC,IUCN,https://docplayer.fr/14998673-Etude-comparative-des-textes-legislatifs-et-reglementaires-relatifs-a-la-gestion-de-la-faune-et-de-la-chasse-dans-cinq-pays-du-bassin-du-congo.html
61,CF,A,Mammalia,Loutres,NULL,Aonyx congicus,NT,IUCN,https://docplayer.fr/14998673-Etude-comparative-des-textes-legislatifs-et-reglementaires-relatifs-a-la-gestion-de-la-faune-et-de-la-chasse-dans-cinq-pays-du-bassin-du-congo.html
62,CF,A,Mammalia,Loutres,NULL,Hydrictis maculicollis,NT,IUCN,https://docplayer.fr/14998673-Etude-comparative-des-textes-legislatifs-et-reglementaires-relatifs-a-la-gestion-de-la-faune-et-de-la-chasse-dans-cinq-pays-du-bassin-du-congo.html
63,CF,A,Mammalia,Lion,NULL,Panthera leo,VU,IUCN,https://docplayer.fr/14998673-Etude-comparative-des-textes-legislatifs-et-reglementaires-relatifs-a-la-gestion-de-la-faune-et-de-la-chasse-dans-cinq-pays-du-bassin-du-congo.html
64,CF,A,Mammalia,Serval,NULL,Leptailurus serval,LC,IUCN,https://docplayer.fr/14998673-Etude-comparative-des-textes-legislatifs-et-reglementaires-relatifs-a-la-gestion-de-la-faune-et-de-la-chasse-dans-cinq-pays-du-bassin-du-congo.html
65,CF,A,Mammalia,Caracal ou Lynx,NULL,Caracal caracal,VU,IUCN,https://docplayer.fr/14998673-Etude-comparative-des-textes-legislatifs-et-reglementaires-relatifs-a-la-gestion-de-la-faune-et-de-la-chasse-dans-cinq-pays-du-bassin-du-congo.html
66,CF,B,Mammalia,Eléphant,NULL,Loxodonta africana,EN,IUCN,https://docplayer.fr/14998673-Etude-comparative-des-textes-legislatifs-et-reglementaires-relatifs-a-la-gestion-de-la-faune-et-de-la-chasse-dans-cinq-pays-du-bassin-du-congo.html
67,CF,B,Mammalia,Eléphant,NULL,Loxodonta cyclotis,CR,IUCN,https://docplayer.fr/14998673-Etude-comparative-des-textes-legislatifs-et-reglementaires-relatifs-a-la-gestion-de-la-faune-et-de-la-chasse-dans-cinq-pays-du-bassin-du-congo.html
68,CF,B,Mammalia,Elan de Derby,NULL,Tragelaphus derbianus ssp. gigas,VU,IUCN,https://docplayer.fr/14998673-Etude-comparative-des-textes-legislatifs-et-reglementaires-relatifs-a-la-gestion-de-la-faune-et-de-la-chasse-dans-cinq-pays-du-bassin-du-congo.html
69,CF,B,Mammalia,Bongo,NULL,Tragelaphus eurycerus ssp. eurycerus,NT,IUCN,https://docplayer.fr/14998673-Etude-comparative-des-textes-legislatifs-et-reglementaires-relatifs-a-la-gestion-de-la-faune-et-de-la-chasse-dans-cinq-pays-du-bassin-du-congo.html
70,CF,B,Mammalia,Bubales,NULL,Alcelaphus buselaphus ssp. lelwel,EN,IUCN,https://docplayer.fr/14998673-Etude-comparative-des-textes-legislatifs-et-reglementaires-relatifs-a-la-gestion-de-la-faune-et-de-la-chasse-dans-cinq-pays-du-bassin-du-congo.html
71,CF,B,Mammalia,Bubales,NULL,Alcelaphus buselaphus ssp. major,VU,IUCN,https://docplayer.fr/14998673-Etude-comparative-des-textes-legislatifs-et-reglementaires-relatifs-a-la-gestion-de-la-faune-et-de-la-chasse-dans-cinq-pays-du-bassin-du-congo.html
72,CF,B,Mammalia,Damalisque,NULL,Damaliscus lunatus ssp. tiang,LC,IUCN,https://docplayer.fr/14998673-Etude-comparative-des-textes-legislatifs-et-reglementaires-relatifs-a-la-gestion-de-la-faune-et-de-la-chasse-dans-cinq-pays-du-bassin-du-congo.html
73,CF,B,Mammalia,Hyppotrague,NULL,Hippotragus equinus,LC,IUCN,https://docplayer.fr/14998673-Etude-comparative-des-textes-legislatifs-et-reglementaires-relatifs-a-la-gestion-de-la-faune-et-de-la-chasse-dans-cinq-pays-du-bassin-du-congo.html
74,CF,B,Mammalia,Patas,NULL,Erythrocebus patas ssp. patas,NT,FrWiki,https://docplayer.fr/14998673-Etude-comparative-des-textes-legislatifs-et-reglementaires-relatifs-a-la-gestion-de-la-faune-et-de-la-chasse-dans-cinq-pays-du-bassin-du-congo.html
75,CF,B,Mammalia,Patas,NULL,Erythrocebus patas ssp. pyrrhonotus,VU,FrWiki,https://docplayer.fr/14998673-Etude-comparative-des-textes-legislatifs-et-reglementaires-relatifs-a-la-gestion-de-la-faune-et-de-la-chasse-dans-cinq-pays-du-bassin-du-congo.html
76,CF,B,Mammalia,Cob de Buffon,NULL,Kobus kob ssp. kob,VU,IUCN,https://docplayer.fr/14998673-Etude-comparative-des-textes-legislatifs-et-reglementaires-relatifs-a-la-gestion-de-la-faune-et-de-la-chasse-dans-cinq-pays-du-bassin-du-congo.html
77,CF,B,Mammalia,Cob Defassa,NULL,Kobus ellipsiprymnus ssp. defassa,NT,FrWiki,https://docplayer.fr/14998673-Etude-comparative-des-textes-legislatifs-et-reglementaires-relatifs-a-la-gestion-de-la-faune-et-de-la-chasse-dans-cinq-pays-du-bassin-du-congo.html
78,CF,B,Mammalia,Redunca,NULL,Redunca redunca,LC,IUCN,https://docplayer.fr/14998673-Etude-comparative-des-textes-legislatifs-et-reglementaires-relatifs-a-la-gestion-de-la-faune-et-de-la-chasse-dans-cinq-pays-du-bassin-du-congo.html
79,CF,B,Mammalia,Phacochère,NULL,Phacochoerus africanus,LC,IUCN,https://docplayer.fr/14998673-Etude-comparative-des-textes-legislatifs-et-reglementaires-relatifs-a-la-gestion-de-la-faune-et-de-la-chasse-dans-cinq-pays-du-bassin-du-congo.html
80,CF,B,Mammalia,Potamochère,NULL,Potamochoerus porcus,LC,IUCN,https://docplayer.fr/14998673-Etude-comparative-des-textes-legislatifs-et-reglementaires-relatifs-a-la-gestion-de-la-faune-et-de-la-chasse-dans-cinq-pays-du-bassin-du-congo.html
81,CF,B,Mammalia,Hylochère,NULL,Hylochoerus meinertzhageni,LC,IUCN,https://docplayer.fr/14998673-Etude-comparative-des-textes-legislatifs-et-reglementaires-relatifs-a-la-gestion-de-la-faune-et-de-la-chasse-dans-cinq-pays-du-bassin-du-congo.html
82,CF,B,Mammalia,Sitatunga,NULL,Tragelaphus spekii,LC,IUCN,https://docplayer.fr/14998673-Etude-comparative-des-textes-legislatifs-et-reglementaires-relatifs-a-la-gestion-de-la-faune-et-de-la-chasse-dans-cinq-pays-du-bassin-du-congo.html
83,CF,B,Mammalia,Guib Harnaché,NULL,Tragelaphus scriptus,LC,IUCN,https://docplayer.fr/14998673-Etude-comparative-des-textes-legislatifs-et-reglementaires-relatifs-a-la-gestion-de-la-faune-et-de-la-chasse-dans-cinq-pays-du-bassin-du-congo.html
84,CF,B,Mammalia,Céphalophe à dos Jaune,NULL,Cephalophus silvicultor,NT,IUCN,https://docplayer.fr/14998673-Etude-comparative-des-textes-legislatifs-et-reglementaires-relatifs-a-la-gestion-de-la-faune-et-de-la-chasse-dans-cinq-pays-du-bassin-du-congo.html
85,CF,B,Mammalia,Céphalophe bleu,NULL,Philantomba monticola,LC,IUCN,https://docplayer.fr/14998673-Etude-comparative-des-textes-legislatifs-et-reglementaires-relatifs-a-la-gestion-de-la-faune-et-de-la-chasse-dans-cinq-pays-du-bassin-du-congo.html
86,CF,B,Mammalia,Céphalophe de peter,NULL,Cephalophus callipygus,LC,FrWiki (IUCN typo),https://docplayer.fr/14998673-Etude-comparative-des-textes-legislatifs-et-reglementaires-relatifs-a-la-gestion-de-la-faune-et-de-la-chasse-dans-cinq-pays-du-bassin-du-congo.html
87,CF,B,Mammalia,Céphalophe à flanc roux,NULL,Cephalophus rufilatus,LC,IUCN,https://docplayer.fr/14998673-Etude-comparative-des-textes-legislatifs-et-reglementaires-relatifs-a-la-gestion-de-la-faune-et-de-la-chasse-dans-cinq-pays-du-bassin-du-congo.html
88,CF,B,Mammalia,Céphalophe de grimm,NULL,Sylvicapra grimmia,LC,IUCN,https://docplayer.fr/14998673-Etude-comparative-des-textes-legislatifs-et-reglementaires-relatifs-a-la-gestion-de-la-faune-et-de-la-chasse-dans-cinq-pays-du-bassin-du-congo.html
89,CF,B,Mammalia,Ourébi,NULL,Ourebia ourebi,LC,IUCN,https://docplayer.fr/14998673-Etude-comparative-des-textes-legislatifs-et-reglementaires-relatifs-a-la-gestion-de-la-faune-et-de-la-chasse-dans-cinq-pays-du-bassin-du-congo.html
90,CF,B,Mammalia,Buffle équinoxial,NULL,Syncerus caffer,NT,FrWiki,https://docplayer.fr/14998673-Etude-comparative-des-textes-legislatifs-et-reglementaires-relatifs-a-la-gestion-de-la-faune-et-de-la-chasse-dans-cinq-pays-du-bassin-du-congo.html
91,CF,B,Mammalia,Buffle nain,NULL,Syncerus caffer,NT,FrWiki,https://docplayer.fr/14998673-Etude-comparative-des-textes-legislatifs-et-reglementaires-relatifs-a-la-gestion-de-la-faune-et-de-la-chasse-dans-cinq-pays-du-bassin-du-congo.html
92,CF,B,Aves,Perroquets,NULL,Psittacus erithacus,EN,FrWiki,https://docplayer.fr/14998673-Etude-comparative-des-textes-legislatifs-et-reglementaires-relatifs-a-la-gestion-de-la-faune-et-de-la-chasse-dans-cinq-pays-du-bassin-du-congo.html
93,CF,B,Aves,Perroquets,NULL,Poicephalus senegalus,LC,IUCN,https://docplayer.fr/14998673-Etude-comparative-des-textes-legislatifs-et-reglementaires-relatifs-a-la-gestion-de-la-faune-et-de-la-chasse-dans-cinq-pays-du-bassin-du-congo.html
94,CF,B,Aves,Perroquets,NULL,Poicephalus meyeri,LC,IUCN,https://docplayer.fr/14998673-Etude-comparative-des-textes-legislatifs-et-reglementaires-relatifs-a-la-gestion-de-la-faune-et-de-la-chasse-dans-cinq-pays-du-bassin-du-congo.html
95,CF,B,Aves,Perroquets,NULL,Poicephalus gulielmi,LC,IUCN,https://docplayer.fr/14998673-Etude-comparative-des-textes-legislatifs-et-reglementaires-relatifs-a-la-gestion-de-la-faune-et-de-la-chasse-dans-cinq-pays-du-bassin-du-congo.html
96,CF,B,Aves,Perroquets,NULL,Poicephalus crassus,LC,IUCN,https://docplayer.fr/14998673-Etude-comparative-des-textes-legislatifs-et-reglementaires-relatifs-a-la-gestion-de-la-faune-et-de-la-chasse-dans-cinq-pays-du-bassin-du-congo.html
97,CF,B,Mammalia,Mangoustes,NULL,Mungos mungo,LC,IUCN,https://docplayer.fr/14998673-Etude-comparative-des-textes-legislatifs-et-reglementaires-relatifs-a-la-gestion-de-la-faune-et-de-la-chasse-dans-cinq-pays-du-bassin-du-congo.html
98,CF,B,Mammalia,Mangoustes,NULL,Atilax paludinosus,LC,IUCN,https://docplayer.fr/14998673-Etude-comparative-des-textes-legislatifs-et-reglementaires-relatifs-a-la-gestion-de-la-faune-et-de-la-chasse-dans-cinq-pays-du-bassin-du-congo.html
99,CF,B,Mammalia,Mangoustes,NULL,Herpestes naso,LC,IUCN,https://docplayer.fr/14998673-Etude-comparative-des-textes-legislatifs-et-reglementaires-relatifs-a-la-gestion-de-la-faune-et-de-la-chasse-dans-cinq-pays-du-bassin-du-congo.html
100,CF,B,Mammalia,Mangoustes,NULL,Crossarchus platycephalus,LC,IUCN,https://docplayer.fr/14998673-Etude-comparative-des-textes-legislatifs-et-reglementaires-relatifs-a-la-gestion-de-la-faune-et-de-la-chasse-dans-cinq-pays-du-bassin-du-congo.html
101,CF,B,Mammalia,Mangoustes,NULL,Dologale dybowskii,DD,IUCN,https://docplayer.fr/14998673-Etude-comparative-des-textes-legislatifs-et-reglementaires-relatifs-a-la-gestion-de-la-faune-et-de-la-chasse-dans-cinq-pays-du-bassin-du-congo.html
102,CF,B,Mammalia,Mangoustes,NULL,Herpestes ichneumon,LC,IUCN,https://docplayer.fr/14998673-Etude-comparative-des-textes-legislatifs-et-reglementaires-relatifs-a-la-gestion-de-la-faune-et-de-la-chasse-dans-cinq-pays-du-bassin-du-congo.html
103,CF,B,Mammalia,Mangoustes,NULL,Ichneumia albicauda,LC,IUCN,https://docplayer.fr/14998673-Etude-comparative-des-textes-legislatifs-et-reglementaires-relatifs-a-la-gestion-de-la-faune-et-de-la-chasse-dans-cinq-pays-du-bassin-du-congo.html
104,CF,B,Mammalia,Mangoustes,NULL,Herpestes sanguineus,LC,IUCN,https://docplayer.fr/14998673-Etude-comparative-des-textes-legislatifs-et-reglementaires-relatifs-a-la-gestion-de-la-faune-et-de-la-chasse-dans-cinq-pays-du-bassin-du-congo.html
105,CF,B,Mammalia,Mangoustes,NULL,Bdeogale nigripes,LC,IUCN,https://docplayer.fr/14998673-Etude-comparative-des-textes-legislatifs-et-reglementaires-relatifs-a-la-gestion-de-la-faune-et-de-la-chasse-dans-cinq-pays-du-bassin-du-congo.html
106,CF,B,Mammalia,Mangoustes,NULL,Crossarchus alexandri,LC,IUCN,https://docplayer.fr/14998673-Etude-comparative-des-textes-legislatifs-et-reglementaires-relatifs-a-la-gestion-de-la-faune-et-de-la-chasse-dans-cinq-pays-du-bassin-du-congo.html
107,CF,B,Reptilia,Python,NULL,Python regius,NT,IUCN,https://docplayer.fr/14998673-Etude-comparative-des-textes-legislatifs-et-reglementaires-relatifs-a-la-gestion-de-la-faune-et-de-la-chasse-dans-cinq-pays-du-bassin-du-congo.html
108,CF,B,Reptilia,Python,NULL,Python sebae,NT,FrWiki,https://docplayer.fr/14998673-Etude-comparative-des-textes-legislatifs-et-reglementaires-relatifs-a-la-gestion-de-la-faune-et-de-la-chasse-dans-cinq-pays-du-bassin-du-congo.html
109,CF,B,Aves,Ibis tantale,NULL,Mycteria ibis,LC,IUCN,https://docplayer.fr/14998673-Etude-comparative-des-textes-legislatifs-et-reglementaires-relatifs-a-la-gestion-de-la-faune-et-de-la-chasse-dans-cinq-pays-du-bassin-du-congo.html
110,CF,B,Aves,Spatule d’Afrique,NULL,Platalea alba,LC,IUCN,https://docplayer.fr/14998673-Etude-comparative-des-textes-legislatifs-et-reglementaires-relatifs-a-la-gestion-de-la-faune-et-de-la-chasse-dans-cinq-pays-du-bassin-du-congo.html
111,CF,B,Aves,Touracos,NULL,Corythaeola cristata,LC,IUCN,https://docplayer.fr/14998673-Etude-comparative-des-textes-legislatifs-et-reglementaires-relatifs-a-la-gestion-de-la-faune-et-de-la-chasse-dans-cinq-pays-du-bassin-du-congo.html
112,CF,B,Aves,Touracos,NULL,Crinifer piscator,LC,IUCN,https://docplayer.fr/14998673-Etude-comparative-des-textes-legislatifs-et-reglementaires-relatifs-a-la-gestion-de-la-faune-et-de-la-chasse-dans-cinq-pays-du-bassin-du-congo.html
113,CF,B,Aves,Touracos,NULL,Crinifer zonurus,LC,IUCN,https://docplayer.fr/14998673-Etude-comparative-des-textes-legislatifs-et-reglementaires-relatifs-a-la-gestion-de-la-faune-et-de-la-chasse-dans-cinq-pays-du-bassin-du-congo.html
114,CF,B,Aves,Touracos,NULL,Musophaga rossae,LC,IUCN,https://docplayer.fr/14998673-Etude-comparative-des-textes-legislatifs-et-reglementaires-relatifs-a-la-gestion-de-la-faune-et-de-la-chasse-dans-cinq-pays-du-bassin-du-congo.html
115,CF,B,Aves,Touracos,NULL,Musophaga violacea,LC,IUCN,https://docplayer.fr/14998673-Etude-comparative-des-textes-legislatifs-et-reglementaires-relatifs-a-la-gestion-de-la-faune-et-de-la-chasse-dans-cinq-pays-du-bassin-du-congo.html
116,CF,B,Aves,Touracos,NULL,Tauraco leucolophus,LC,IUCN,https://docplayer.fr/14998673-Etude-comparative-des-textes-legislatifs-et-reglementaires-relatifs-a-la-gestion-de-la-faune-et-de-la-chasse-dans-cinq-pays-du-bassin-du-congo.html
117,CF,B,Aves,Touracos,NULL,Tauraco persa,LC,IUCN,https://docplayer.fr/14998673-Etude-comparative-des-textes-legislatifs-et-reglementaires-relatifs-a-la-gestion-de-la-faune-et-de-la-chasse-dans-cinq-pays-du-bassin-du-congo.html
118,CF,B,Aves,Touracos,NULL,Tauraco schuettii,LC,IUCN,https://docplayer.fr/14998673-Etude-comparative-des-textes-legislatifs-et-reglementaires-relatifs-a-la-gestion-de-la-faune-et-de-la-chasse-dans-cinq-pays-du-bassin-du-congo.html
119,CF,B,Aves,Coucal,NULL,Centropus anselli,LC,IUCN,https://docplayer.fr/14998673-Etude-comparative-des-textes-legislatifs-et-reglementaires-relatifs-a-la-gestion-de-la-faune-et-de-la-chasse-dans-cinq-pays-du-bassin-du-congo.html
120,CF,B,Aves,Coucal,NULL,Centropus grillii,LC,IUCN,https://docplayer.fr/14998673-Etude-comparative-des-textes-legislatifs-et-reglementaires-relatifs-a-la-gestion-de-la-faune-et-de-la-chasse-dans-cinq-pays-du-bassin-du-congo.html
121,CF,B,Aves,Coucal,NULL,Centropus monachus,LC,IUCN,https://docplayer.fr/14998673-Etude-comparative-des-textes-legislatifs-et-reglementaires-relatifs-a-la-gestion-de-la-faune-et-de-la-chasse-dans-cinq-pays-du-bassin-du-congo.html
122,CF,B,Aves,Coucal,NULL,Centropus senegalensis,LC,IUCN,https://docplayer.fr/14998673-Etude-comparative-des-textes-legislatifs-et-reglementaires-relatifs-a-la-gestion-de-la-faune-et-de-la-chasse-dans-cinq-pays-du-bassin-du-congo.html
123,CF,B,Aves,Rollier d’Abyssinie,NULL,Coracias abyssinicus,LC,IUCN,https://docplayer.fr/14998673-Etude-comparative-des-textes-legislatifs-et-reglementaires-relatifs-a-la-gestion-de-la-faune-et-de-la-chasse-dans-cinq-pays-du-bassin-du-congo.html
124,CF,B,Aves,Ibis hagedash,NULL,Bostrychia hagedash,LC,IUCN,https://docplayer.fr/14998673-Etude-comparative-des-textes-legislatifs-et-reglementaires-relatifs-a-la-gestion-de-la-faune-et-de-la-chasse-dans-cinq-pays-du-bassin-du-congo.html
125,CF,C,Mammalia,Babouin,NULL,Papio anubis,LC,IUCN,https://docplayer.fr/14998673-Etude-comparative-des-textes-legislatifs-et-reglementaires-relatifs-a-la-gestion-de-la-faune-et-de-la-chasse-dans-cinq-pays-du-bassin-du-congo.html
126,CF,C,Mammalia,Patas,NULL,Erythrocebus patas ssp. patas,NT,FrWiki,https://docplayer.fr/14998673-Etude-comparative-des-textes-legislatifs-et-reglementaires-relatifs-a-la-gestion-de-la-faune-et-de-la-chasse-dans-cinq-pays-du-bassin-du-congo.html
127,CF,C,Mammalia,Patas,NULL,Erythrocebus patas ssp. pyrrhonotus,VU,FrWiki,https://docplayer.fr/14998673-Etude-comparative-des-textes-legislatifs-et-reglementaires-relatifs-a-la-gestion-de-la-faune-et-de-la-chasse-dans-cinq-pays-du-bassin-du-congo.html
128,CF,C,Mammalia,Cercocèbes,NULL,Cercocebus agilis,LC,FrWiki,https://docplayer.fr/14998673-Etude-comparative-des-textes-legislatifs-et-reglementaires-relatifs-a-la-gestion-de-la-faune-et-de-la-chasse-dans-cinq-pays-du-bassin-du-congo.html
129,CF,C,Mammalia,Cercopithèques,NULL,Allenopithecus nigroviridis,LC,IUCN,https://docplayer.fr/14998673-Etude-comparative-des-textes-legislatifs-et-reglementaires-relatifs-a-la-gestion-de-la-faune-et-de-la-chasse-dans-cinq-pays-du-bassin-du-congo.html
130,CF,C,Mammalia,Cercopithèques,NULL,Cercopithecus ascanius ssp. schmidti,LC,IUCN,https://docplayer.fr/14998673-Etude-comparative-des-textes-legislatifs-et-reglementaires-relatifs-a-la-gestion-de-la-faune-et-de-la-chasse-dans-cinq-pays-du-bassin-du-congo.html
131,CF,C,Mammalia,Cercopithèques,NULL,Cercopithecus cephus ssp. cephus,NT,IUCN,https://docplayer.fr/14998673-Etude-comparative-des-textes-legislatifs-et-reglementaires-relatifs-a-la-gestion-de-la-faune-et-de-la-chasse-dans-cinq-pays-du-bassin-du-congo.html
132,CF,C,Mammalia,Cercopithèques,NULL,Cercopithecus cephus ssp. ngottoensis,EN,IUCN,https://docplayer.fr/14998673-Etude-comparative-des-textes-legislatifs-et-reglementaires-relatifs-a-la-gestion-de-la-faune-et-de-la-chasse-dans-cinq-pays-du-bassin-du-congo.html
133,CF,C,Mammalia,Cercopithèques,NULL,Cercopithecus neglectus,LC,IUCN,https://docplayer.fr/14998673-Etude-comparative-des-textes-legislatifs-et-reglementaires-relatifs-a-la-gestion-de-la-faune-et-de-la-chasse-dans-cinq-pays-du-bassin-du-congo.html
134,CF,C,Mammalia,Cercopithèques,NULL,Cercopithecus nictitans ssp. nictitans,NT,FrWiki,https://docplayer.fr/14998673-Etude-comparative-des-textes-legislatifs-et-reglementaires-relatifs-a-la-gestion-de-la-faune-et-de-la-chasse-dans-cinq-pays-du-bassin-du-congo.html
135,CF,C,Mammalia,Cercopithèques,NULL,Cercopithecus pogonias ssp. grayi,NT,IUCN,https://docplayer.fr/14998673-Etude-comparative-des-textes-legislatifs-et-reglementaires-relatifs-a-la-gestion-de-la-faune-et-de-la-chasse-dans-cinq-pays-du-bassin-du-congo.html
136,CF,C,Aves,Bécassines,NULL,Gallinago gallinago,LC,FrWiki,https://docplayer.fr/14998673-Etude-comparative-des-textes-legislatifs-et-reglementaires-relatifs-a-la-gestion-de-la-faune-et-de-la-chasse-dans-cinq-pays-du-bassin-du-congo.html
137,CF,C,Aves,Bécassines,NULL,Gallinago media,NT,IUCN,https://docplayer.fr/14998673-Etude-comparative-des-textes-legislatifs-et-reglementaires-relatifs-a-la-gestion-de-la-faune-et-de-la-chasse-dans-cinq-pays-du-bassin-du-congo.html
138,CF,C,Aves,Bécassines,NULL,Lymnocryptes minimus,LC,IUCN,https://docplayer.fr/14998673-Etude-comparative-des-textes-legislatifs-et-reglementaires-relatifs-a-la-gestion-de-la-faune-et-de-la-chasse-dans-cinq-pays-du-bassin-du-congo.html
139,CF,C,Aves,Chevaliers,NULL,Actitis hypoleucos,LC,IUCN,https://docplayer.fr/14998673-Etude-comparative-des-textes-legislatifs-et-reglementaires-relatifs-a-la-gestion-de-la-faune-et-de-la-chasse-dans-cinq-pays-du-bassin-du-congo.html
140,CF,C,Aves,Chevaliers,NULL,Calidris pugnax,LC,IUCN,https://docplayer.fr/14998673-Etude-comparative-des-textes-legislatifs-et-reglementaires-relatifs-a-la-gestion-de-la-faune-et-de-la-chasse-dans-cinq-pays-du-bassin-du-congo.html
141,CF,C,Aves,Chevaliers,NULL,Tringa glareola,LC,IUCN,https://docplayer.fr/14998673-Etude-comparative-des-textes-legislatifs-et-reglementaires-relatifs-a-la-gestion-de-la-faune-et-de-la-chasse-dans-cinq-pays-du-bassin-du-congo.html
142,CF,C,Aves,Chevaliers,NULL,Tringa nebularia,LC,IUCN,https://docplayer.fr/14998673-Etude-comparative-des-textes-legislatifs-et-reglementaires-relatifs-a-la-gestion-de-la-faune-et-de-la-chasse-dans-cinq-pays-du-bassin-du-congo.html
143,CF,C,Aves,Chevaliers,NULL,Tringa ochropus,LC,IUCN,https://docplayer.fr/14998673-Etude-comparative-des-textes-legislatifs-et-reglementaires-relatifs-a-la-gestion-de-la-faune-et-de-la-chasse-dans-cinq-pays-du-bassin-du-congo.html
144,CF,C,Aves,Chevaliers,NULL,Tringa stagnatilis,LC,IUCN,https://docplayer.fr/14998673-Etude-comparative-des-textes-legislatifs-et-reglementaires-relatifs-a-la-gestion-de-la-faune-et-de-la-chasse-dans-cinq-pays-du-bassin-du-congo.html
145,CF,C,Aves,Chevaliers,NULL,Tringa totanus,LC,IUCN,https://docplayer.fr/14998673-Etude-comparative-des-textes-legislatifs-et-reglementaires-relatifs-a-la-gestion-de-la-faune-et-de-la-chasse-dans-cinq-pays-du-bassin-du-congo.html
146,CF,C,Aves,Râles,NULL,Canirallus oculeus,LC,IUCN,https://docplayer.fr/14998673-Etude-comparative-des-textes-legislatifs-et-reglementaires-relatifs-a-la-gestion-de-la-faune-et-de-la-chasse-dans-cinq-pays-du-bassin-du-congo.html
147,CF,C,Aves,Râles,NULL,Crex egregia,LC,IUCN,https://docplayer.fr/14998673-Etude-comparative-des-textes-legislatifs-et-reglementaires-relatifs-a-la-gestion-de-la-faune-et-de-la-chasse-dans-cinq-pays-du-bassin-du-congo.html
148,CF,C,Aves,Râles,NULL,Himantornis haematopus,LC,IUCN,https://docplayer.fr/14998673-Etude-comparative-des-textes-legislatifs-et-reglementaires-relatifs-a-la-gestion-de-la-faune-et-de-la-chasse-dans-cinq-pays-du-bassin-du-congo.html
149,CF,C,Aves,Râles,NULL,Sarothrura pulchra,LC,IUCN,https://docplayer.fr/14998673-Etude-comparative-des-textes-legislatifs-et-reglementaires-relatifs-a-la-gestion-de-la-faune-et-de-la-chasse-dans-cinq-pays-du-bassin-du-congo.html
150,CF,C,Aves,Râles,NULL,Sarothrura rufa,LC,IUCN,https://docplayer.fr/14998673-Etude-comparative-des-textes-legislatifs-et-reglementaires-relatifs-a-la-gestion-de-la-faune-et-de-la-chasse-dans-cinq-pays-du-bassin-du-congo.html
151,CF,C,Aves,Râles,NULL,Zapornia flavirostra,LC,IUCN,https://docplayer.fr/14998673-Etude-comparative-des-textes-legislatifs-et-reglementaires-relatifs-a-la-gestion-de-la-faune-et-de-la-chasse-dans-cinq-pays-du-bassin-du-congo.html
152,CF,C,Aves,Poule d’eau,NULL,Gallinula chloropus,LC,FrWiki,https://docplayer.fr/14998673-Etude-comparative-des-textes-legislatifs-et-reglementaires-relatifs-a-la-gestion-de-la-faune-et-de-la-chasse-dans-cinq-pays-du-bassin-du-congo.html
153,CF,C,Aves,Grèbe castagneux,NULL,Tachybaptus ruficollis,LC,IUCN,https://docplayer.fr/14998673-Etude-comparative-des-textes-legislatifs-et-reglementaires-relatifs-a-la-gestion-de-la-faune-et-de-la-chasse-dans-cinq-pays-du-bassin-du-congo.html
154,CF,C,Aves,Pluviers,NULL,Charadrius dubius,LC,FrWiki,https://docplayer.fr/14998673-Etude-comparative-des-textes-legislatifs-et-reglementaires-relatifs-a-la-gestion-de-la-faune-et-de-la-chasse-dans-cinq-pays-du-bassin-du-congo.html
155,CF,C,Aves,Pluviers,NULL,Charadrius hiaticula,LC,FrWiki,https://docplayer.fr/14998673-Etude-comparative-des-textes-legislatifs-et-reglementaires-relatifs-a-la-gestion-de-la-faune-et-de-la-chasse-dans-cinq-pays-du-bassin-du-congo.html
156,CF,C,Aves,Pluviers,NULL,Charadrius marginatus,LC,FrWiki,https://docplayer.fr/14998673-Etude-comparative-des-textes-legislatifs-et-reglementaires-relatifs-a-la-gestion-de-la-faune-et-de-la-chasse-dans-cinq-pays-du-bassin-du-congo.html
157,CF,C,Aves,Pluviers,NULL,Charadrius pecuarius,LC,IUCN,https://docplayer.fr/14998673-Etude-comparative-des-textes-legislatifs-et-reglementaires-relatifs-a-la-gestion-de-la-faune-et-de-la-chasse-dans-cinq-pays-du-bassin-du-congo.html
158,CF,C,Aves,Pluviers,NULL,Charadrius forbesi,LC,IUCN,https://docplayer.fr/14998673-Etude-comparative-des-textes-legislatifs-et-reglementaires-relatifs-a-la-gestion-de-la-faune-et-de-la-chasse-dans-cinq-pays-du-bassin-du-congo.html
159,CF,C,Aves,Vanneaux,NULL,Vanellus albiceps,LC,IUCN,https://docplayer.fr/14998673-Etude-comparative-des-textes-legislatifs-et-reglementaires-relatifs-a-la-gestion-de-la-faune-et-de-la-chasse-dans-cinq-pays-du-bassin-du-congo.html
160,CF,C,Aves,Vanneaux,NULL,Vanellus gregarius,CR,IUCN,https://docplayer.fr/14998673-Etude-comparative-des-textes-legislatifs-et-reglementaires-relatifs-a-la-gestion-de-la-faune-et-de-la-chasse-dans-cinq-pays-du-bassin-du-congo.html
161,CF,C,Aves,Vanneaux,NULL,Vanellus senegallus,LC,IUCN,https://docplayer.fr/14998673-Etude-comparative-des-textes-legislatifs-et-reglementaires-relatifs-a-la-gestion-de-la-faune-et-de-la-chasse-dans-cinq-pays-du-bassin-du-congo.html
162,CF,C,Aves,Vanneaux,NULL,Vanellus spinosus,LC,IUCN,https://docplayer.fr/14998673-Etude-comparative-des-textes-legislatifs-et-reglementaires-relatifs-a-la-gestion-de-la-faune-et-de-la-chasse-dans-cinq-pays-du-bassin-du-congo.html
163,CF,C,Aves,Vanneaux,NULL,Vanellus superciliosus,LC,IUCN,https://docplayer.fr/14998673-Etude-comparative-des-textes-legislatifs-et-reglementaires-relatifs-a-la-gestion-de-la-faune-et-de-la-chasse-dans-cinq-pays-du-bassin-du-congo.html
164,CF,C,Aves,Vanneaux,NULL,Vanellus tectus,LC,IUCN,https://docplayer.fr/14998673-Etude-comparative-des-textes-legislatifs-et-reglementaires-relatifs-a-la-gestion-de-la-faune-et-de-la-chasse-dans-cinq-pays-du-bassin-du-congo.html
165,CF,C,Aves,Courlis,NULL,Numenius arquata,NT,IUCN,https://docplayer.fr/14998673-Etude-comparative-des-textes-legislatifs-et-reglementaires-relatifs-a-la-gestion-de-la-faune-et-de-la-chasse-dans-cinq-pays-du-bassin-du-congo.html
166,CF,C,Aves,Oies et Canards,NULL,Alopochen aegyptiaca,LC,IUCN,https://docplayer.fr/14998673-Etude-comparative-des-textes-legislatifs-et-reglementaires-relatifs-a-la-gestion-de-la-faune-et-de-la-chasse-dans-cinq-pays-du-bassin-du-congo.html
167,CF,C,Aves,Oies et Canards,NULL,Anas acuta,LC,IUCN,https://docplayer.fr/14998673-Etude-comparative-des-textes-legislatifs-et-reglementaires-relatifs-a-la-gestion-de-la-faune-et-de-la-chasse-dans-cinq-pays-du-bassin-du-congo.html
168,CF,C,Aves,Oies et Canards,NULL,Anas crecca,LC,IUCN,https://docplayer.fr/14998673-Etude-comparative-des-textes-legislatifs-et-reglementaires-relatifs-a-la-gestion-de-la-faune-et-de-la-chasse-dans-cinq-pays-du-bassin-du-congo.html
169,CF,C,Aves,Oies et Canards,NULL,Aythya nyroca,NT,IUCN,https://docplayer.fr/14998673-Etude-comparative-des-textes-legislatifs-et-reglementaires-relatifs-a-la-gestion-de-la-faune-et-de-la-chasse-dans-cinq-pays-du-bassin-du-congo.html
170,CF,C,Aves,Oies et Canards,NULL,Dendrocygna bicolor,LC,IUCN,https://docplayer.fr/14998673-Etude-comparative-des-textes-legislatifs-et-reglementaires-relatifs-a-la-gestion-de-la-faune-et-de-la-chasse-dans-cinq-pays-du-bassin-du-congo.html
171,CF,C,Aves,Oies et Canards,NULL,Dendrocygna viduata,LC,IUCN,https://docplayer.fr/14998673-Etude-comparative-des-textes-legislatifs-et-reglementaires-relatifs-a-la-gestion-de-la-faune-et-de-la-chasse-dans-cinq-pays-du-bassin-du-congo.html
172,CF,C,Aves,Oies et Canards,NULL,Nettapus auritus,LC,IUCN,https://docplayer.fr/14998673-Etude-comparative-des-textes-legislatifs-et-reglementaires-relatifs-a-la-gestion-de-la-faune-et-de-la-chasse-dans-cinq-pays-du-bassin-du-congo.html
173,CF,C,Aves,Oies et Canards,NULL,Plectropterus gambensis,LC,IUCN,https://docplayer.fr/14998673-Etude-comparative-des-textes-legislatifs-et-reglementaires-relatifs-a-la-gestion-de-la-faune-et-de-la-chasse-dans-cinq-pays-du-bassin-du-congo.html
174,CF,C,Aves,Oies et Canards,NULL,Pteronetta hartlaubii,LC,IUCN,https://docplayer.fr/14998673-Etude-comparative-des-textes-legislatifs-et-reglementaires-relatifs-a-la-gestion-de-la-faune-et-de-la-chasse-dans-cinq-pays-du-bassin-du-congo.html
175,CF,C,Aves,Oies et Canards,NULL,Sarkidiornis melanotos,LC,FrWiki,https://docplayer.fr/14998673-Etude-comparative-des-textes-legislatifs-et-reglementaires-relatifs-a-la-gestion-de-la-faune-et-de-la-chasse-dans-cinq-pays-du-bassin-du-congo.html
176,CF,C,Aves,Oies et Canards,NULL,Spatula clypeata,LC,IUCN,https://docplayer.fr/14998673-Etude-comparative-des-textes-legislatifs-et-reglementaires-relatifs-a-la-gestion-de-la-faune-et-de-la-chasse-dans-cinq-pays-du-bassin-du-congo.html
177,CF,C,Aves,Oies et Canards,NULL,Spatula querquedula,LC,IUCN,https://docplayer.fr/14998673-Etude-comparative-des-textes-legislatifs-et-reglementaires-relatifs-a-la-gestion-de-la-faune-et-de-la-chasse-dans-cinq-pays-du-bassin-du-congo.html
178,CF,C,Aves,Gangas,NULL,Pterocles exustus,LC,IUCN,https://docplayer.fr/14998673-Etude-comparative-des-textes-legislatifs-et-reglementaires-relatifs-a-la-gestion-de-la-faune-et-de-la-chasse-dans-cinq-pays-du-bassin-du-congo.html
179,CF,C,Aves,Gangas,NULL,Pterocles quadricinctus,LC,IUCN,https://docplayer.fr/14998673-Etude-comparative-des-textes-legislatifs-et-reglementaires-relatifs-a-la-gestion-de-la-faune-et-de-la-chasse-dans-cinq-pays-du-bassin-du-congo.html
180,CF,C,Aves,Pintades,NULL,Agelastes niger,LC,IUCN,https://docplayer.fr/14998673-Etude-comparative-des-textes-legislatifs-et-reglementaires-relatifs-a-la-gestion-de-la-faune-et-de-la-chasse-dans-cinq-pays-du-bassin-du-congo.html
181,CF,C,Aves,Pintades,NULL,Guttera plumifera,LC,IUCN,https://docplayer.fr/14998673-Etude-comparative-des-textes-legislatifs-et-reglementaires-relatifs-a-la-gestion-de-la-faune-et-de-la-chasse-dans-cinq-pays-du-bassin-du-congo.html
182,CF,C,Aves,Pintades,NULL,Guttera verreauxi,LC,Avibase,https://docplayer.fr/14998673-Etude-comparative-des-textes-legislatifs-et-reglementaires-relatifs-a-la-gestion-de-la-faune-et-de-la-chasse-dans-cinq-pays-du-bassin-du-congo.html
183,CF,C,Aves,Pintades,NULL,Numida meleagris,LC,IUCN,https://docplayer.fr/14998673-Etude-comparative-des-textes-legislatifs-et-reglementaires-relatifs-a-la-gestion-de-la-faune-et-de-la-chasse-dans-cinq-pays-du-bassin-du-congo.html
184,CF,C,Aves,Francolins,NULL,Peliperdix lathami,LC,IUCN,https://docplayer.fr/14998673-Etude-comparative-des-textes-legislatifs-et-reglementaires-relatifs-a-la-gestion-de-la-faune-et-de-la-chasse-dans-cinq-pays-du-bassin-du-congo.html
185,CF,C,Aves,Francolins,NULL,Campocolinus schlegelii,LC,IUCN,https://docplayer.fr/14998673-Etude-comparative-des-textes-legislatifs-et-reglementaires-relatifs-a-la-gestion-de-la-faune-et-de-la-chasse-dans-cinq-pays-du-bassin-du-congo.html
186,CF,C,Aves,Francolins,NULL,Pternistis clappertoni,LC,IUCN,https://docplayer.fr/14998673-Etude-comparative-des-textes-legislatifs-et-reglementaires-relatifs-a-la-gestion-de-la-faune-et-de-la-chasse-dans-cinq-pays-du-bassin-du-congo.html
187,CF,C,Aves,Francolins,NULL,Pternistis icterorhynchus,LC,IUCN,https://docplayer.fr/14998673-Etude-comparative-des-textes-legislatifs-et-reglementaires-relatifs-a-la-gestion-de-la-faune-et-de-la-chasse-dans-cinq-pays-du-bassin-du-congo.html
188,CF,C,Aves,Francolins,NULL,Pternistis squamatus,LC,IUCN,https://docplayer.fr/14998673-Etude-comparative-des-textes-legislatifs-et-reglementaires-relatifs-a-la-gestion-de-la-faune-et-de-la-chasse-dans-cinq-pays-du-bassin-du-congo.html
189,CF,C,Aves,Pigeons Tourterelles,NULL,Columba guinea,LC,IUCN,https://docplayer.fr/14998673-Etude-comparative-des-textes-legislatifs-et-reglementaires-relatifs-a-la-gestion-de-la-faune-et-de-la-chasse-dans-cinq-pays-du-bassin-du-congo.html
190,CF,C,Aves,Pigeons Tourterelles,NULL,Columba iriditorques,LC,FrWiki,https://docplayer.fr/14998673-Etude-comparative-des-textes-legislatifs-et-reglementaires-relatifs-a-la-gestion-de-la-faune-et-de-la-chasse-dans-cinq-pays-du-bassin-du-congo.html
191,CF,C,Aves,Pigeons Tourterelles,NULL,Columba unicincta,LC,IUCN,https://docplayer.fr/14998673-Etude-comparative-des-textes-legislatifs-et-reglementaires-relatifs-a-la-gestion-de-la-faune-et-de-la-chasse-dans-cinq-pays-du-bassin-du-congo.html
192,CF,C,Aves,Pigeons Tourterelles,NULL,Oena capensis,LC,IUCN,https://docplayer.fr/14998673-Etude-comparative-des-textes-legislatifs-et-reglementaires-relatifs-a-la-gestion-de-la-faune-et-de-la-chasse-dans-cinq-pays-du-bassin-du-congo.html
193,CF,C,Aves,Pigeons Tourterelles,NULL,Spilopelia senegalensis,LC,IUCN,https://docplayer.fr/14998673-Etude-comparative-des-textes-legislatifs-et-reglementaires-relatifs-a-la-gestion-de-la-faune-et-de-la-chasse-dans-cinq-pays-du-bassin-du-congo.html
194,CF,C,Aves,Pigeons Tourterelles,NULL,Streptopelia decipiens,LC,IUCN,https://docplayer.fr/14998673-Etude-comparative-des-textes-legislatifs-et-reglementaires-relatifs-a-la-gestion-de-la-faune-et-de-la-chasse-dans-cinq-pays-du-bassin-du-congo.html
195,CF,C,Aves,Pigeons Tourterelles,NULL,Streptopelia semitorquata,LC,IUCN,https://docplayer.fr/14998673-Etude-comparative-des-textes-legislatifs-et-reglementaires-relatifs-a-la-gestion-de-la-faune-et-de-la-chasse-dans-cinq-pays-du-bassin-du-congo.html
196,CF,C,Aves,Pigeons Tourterelles,NULL,Streptopelia turtur,VU,IUCN,https://docplayer.fr/14998673-Etude-comparative-des-textes-legislatifs-et-reglementaires-relatifs-a-la-gestion-de-la-faune-et-de-la-chasse-dans-cinq-pays-du-bassin-du-congo.html
197,CF,C,Aves,Pigeons Tourterelles,NULL,Streptopelia vinacea,LC,IUCN,https://docplayer.fr/14998673-Etude-comparative-des-textes-legislatifs-et-reglementaires-relatifs-a-la-gestion-de-la-faune-et-de-la-chasse-dans-cinq-pays-du-bassin-du-congo.html
198,CF,C,Aves,Pigeons Tourterelles,NULL,Treron calvus,LC,FrWiki,https://docplayer.fr/14998673-Etude-comparative-des-textes-legislatifs-et-reglementaires-relatifs-a-la-gestion-de-la-faune-et-de-la-chasse-dans-cinq-pays-du-bassin-du-congo.html
199,CF,C,Aves,Pigeons Tourterelles,NULL,Treron waalia,LC,IUCN,https://docplayer.fr/14998673-Etude-comparative-des-textes-legislatifs-et-reglementaires-relatifs-a-la-gestion-de-la-faune-et-de-la-chasse-dans-cinq-pays-du-bassin-du-congo.html
200,CF,C,Aves,Pigeons Tourterelles,NULL,Turtur abyssinicus,LC,IUCN,https://docplayer.fr/14998673-Etude-comparative-des-textes-legislatifs-et-reglementaires-relatifs-a-la-gestion-de-la-faune-et-de-la-chasse-dans-cinq-pays-du-bassin-du-congo.html
201,CF,C,Aves,Pigeons Tourterelles,NULL,Turtur afer,LC,IUCN,https://docplayer.fr/14998673-Etude-comparative-des-textes-legislatifs-et-reglementaires-relatifs-a-la-gestion-de-la-faune-et-de-la-chasse-dans-cinq-pays-du-bassin-du-congo.html
202,CF,C,Aves,Pigeons Tourterelles,NULL,Turtur brehmeri,LC,IUCN,https://docplayer.fr/14998673-Etude-comparative-des-textes-legislatifs-et-reglementaires-relatifs-a-la-gestion-de-la-faune-et-de-la-chasse-dans-cinq-pays-du-bassin-du-congo.html
203,CF,C,Aves,Pigeons Tourterelles,NULL,Turtur tympanistria,LC,IUCN,https://docplayer.fr/14998673-Etude-comparative-des-textes-legislatifs-et-reglementaires-relatifs-a-la-gestion-de-la-faune-et-de-la-chasse-dans-cinq-pays-du-bassin-du-congo.html
204,CF,C,Mammalia,Lièvre,NULL,Lepus victoriae,LC,IUCN,https://docplayer.fr/14998673-Etude-comparative-des-textes-legislatifs-et-reglementaires-relatifs-a-la-gestion-de-la-faune-et-de-la-chasse-dans-cinq-pays-du-bassin-du-congo.html
205,CF,C,Mammalia,Aulacode,NULL,NULL,,,https://docplayer.fr/14998673-Etude-comparative-des-textes-legislatifs-et-reglementaires-relatifs-a-la-gestion-de-la-faune-et-de-la-chasse-dans-cinq-pays-du-bassin-du-congo.html
206,CF,C,Mammalia,Atherure,NULL,Atherurus africanus,LC,FrWiki,https://docplayer.fr/14998673-Etude-comparative-des-textes-legislatifs-et-reglementaires-relatifs-a-la-gestion-de-la-faune-et-de-la-chasse-dans-cinq-pays-du-bassin-du-congo.html
207,CF,C,Mammalia,Civette,NULL,Civettictis civetta,LC,IUCN,https://docplayer.fr/14998673-Etude-comparative-des-textes-legislatifs-et-reglementaires-relatifs-a-la-gestion-de-la-faune-et-de-la-chasse-dans-cinq-pays-du-bassin-du-congo.html
208,CF,C,Mammalia,Céphalophe à front noir,NULL,Cephalophus nigrifrons,LC,IUCN,https://docplayer.fr/14998673-Etude-comparative-des-textes-legislatifs-et-reglementaires-relatifs-a-la-gestion-de-la-faune-et-de-la-chasse-dans-cinq-pays-du-bassin-du-congo.html
209,CF,C,Mammalia,Porc-épic,NULL,Hystrix cristata,LC,IUCN,https://docplayer.fr/14998673-Etude-comparative-des-textes-legislatifs-et-reglementaires-relatifs-a-la-gestion-de-la-faune-et-de-la-chasse-dans-cinq-pays-du-bassin-du-congo.html
210,CF,C,Mammalia,Toutes espèces non inscrites sur les listes A et B,NULL,,,,https://docplayer.fr/14998673-Etude-comparative-des-textes-legislatifs-et-reglementaires-relatifs-a-la-gestion-de-la-faune-et-de-la-chasse-dans-cinq-pays-du-bassin-du-congo.html
