scientific_name,subspecies,category,Common Name,Species Class,Threat Class
Acinonyx jubatus,,VU,Cheetah,MAMMALIA,VU
Aethomys hindei,,LC,Hinde's Rock Rat,MAMMALIA,LC
Alcelaphus buselaphus,,LC,Hartebeest,MAMMALIA,LC
Alcelaphus buselaphus ssp. lelwel,lelwel,EN,Lelwel Hartebeest,MAMMALIA,EN
Alcelaphus buselaphus ssp. major,major,VU,Western Hartebeest,MAMMALIA,VU
Allenopithecus nigroviridis,,LC,Allen's Swamp Monkey,MAMMALIA,LC
Anomalurus derbianus,,LC,Lord Derby's Scaly-tailed Squirrel,MAMMALIA,LC
Anomalurus pusillus,,LC,Dwarf Scaly-tailed Squirrel,MAMMALIA,LC
Aonyx congicus,,NT,Congo Clawless Otter,MAMMALIA,NT
Arctocebus aureus,,LC,Golden Angwantibo,MAMMALIA,LC
Arvicanthis niloticus,,LC,African Grass Rat,MAMMALIA,LC
Canis adustus,,LC,Side-striped Jackal,MAMMALIA,LC
Caracal caracal,,LC,Caracal,MAMMALIA,LC
Casinycteris argynnis,,LC,Short-palated Fruit Bat,MAMMALIA,LC
Cephalophus callipygus,,LC,Peters' Duiker,MAMMALIA,LC
Cephalophus dorsalis,,NT,Bay Duiker,MAMMALIA,NT
Cephalophus leucogaster,,NT,White-bellied Duiker,MAMMALIA,NT
Philantomba monticola,,LC,Blue Duiker,MAMMALIA,LC
Cephalophus nigrifrons,,LC,Black-fronted Duiker,MAMMALIA,LC
Cephalophus rufilatus,,LC,Red-flanked Duiker,MAMMALIA,LC
Cephalophus silvicultor,,NT,Yellow-backed Duiker,MAMMALIA,NT
Cephalophus weynsi,,LC,Weyns's Duiker,MAMMALIA,LC
Ceratotherium simum ssp. cottoni,cottoni,CR,Northern White Rhino,MAMMALIA,CR
Ceratotherium simum,,NT,White Rhino,MAMMALIA,NT
Cercopithecus ascanius,,LC,Red-tailed Monkey,MAMMALIA,LC
Cercopithecus cephus,,LC,Moustached Monkey,MAMMALIA,LC
Cercopithecus neglectus,,LC,De Brazza’s Monkey,MAMMALIA,LC
Cercopithecus nictitans,,NT,Putty-nosed Monkey,MAMMALIA,NT
Chaerephon aloysiisabaudiae,,LC,Duke of Abruzzi's Wrinkle-lipped Bat,MAMMALIA,LC
Chaerephon ansorgei,,LC,Ansorge's Wrinkle-lipped Bat,MAMMALIA,LC
Coleura afra,,LC,African Sheath-tailed Bat,MAMMALIA,LC
Colobus guereza,,LC,Guereza,MAMMALIA,LC
Mecistops cataphractus,,CR,Slender-snouted Crocodile,REPTILIA,CR
Crocuta crocuta,,LC,Spotted Hyaena,MAMMALIA,LC
Fukomys ochraceocinereus,,LC,Ochre Mole Rat,MAMMALIA,LC
Cyclanorbis elegans,,CR,Nubian Flapshell Turtle,REPTILIA,CR
Cyclanorbis senegalensis,,VU,Senegal Flapshell Turtle,REPTILIA,VU
Damaliscus lunatus,,LC,Topi,MAMMALIA,LC
Dendrohyrax dorsalis,,LC,Western Tree Hyrax,MAMMALIA,LC
Diceros bicornis,,CR,Black Rhino,MAMMALIA,CR
Eidolon helvum,,NT,African Straw-coloured Fruit-bat,MAMMALIA,NT
Epomophorus gambianus,,LC,Gambian Epauletted Fruit Bat,MAMMALIA,LC
Erythrocebus patas,,LC,Patas Monkey,MAMMALIA,LC
Euoticus elegantulus,,LC,Southern Needle-clawed Galago,MAMMALIA,LC
Galago senegalensis,,LC,Northern Lesser Galago,MAMMALIA,LC
Eudorcas rufifrons,,VU,Red-fronted Gazelle,MAMMALIA,VU
Giraffa camelopardalis,,VU,Giraffe,MAMMALIA,VU
Gorilla gorilla,,CR,Western Gorilla,MAMMALIA,CR
Gorilla gorilla ssp. gorilla,gorilla,CR,Western Lowland Gorilla,MAMMALIA,CR
Heliosciurus gambianus,,LC,Gambian Sun Squirrel,MAMMALIA,LC
Heliosciurus rufobrachium,,LC,Red-legged Sun Squirrel,MAMMALIA,LC
Hippopotamus amphibius,,VU,Hippopotamus,MAMMALIA,VU
Hipposideros abae,,LC,Aba Roundleaf Bat,MAMMALIA,LC
Hipposideros cyclops,,LC,Cyclops Roundleaf Bat,MAMMALIA,LC
Hipposideros ruber,,LC,Noack's Roundleaf Bat,MAMMALIA,LC
Hippotragus equinus,,LC,Roan Antelope,MAMMALIA,LC
Hyemoschus aquaticus,,LC,Water Chevrotain,MAMMALIA,LC
Hylomyscus parvus,,LC,Little Wood Mouse,MAMMALIA,LC
Hylomyscus aeta,,LC,Beaded Wood Mouse,MAMMALIA,LC
Hypsignathus monstrosus,,LC,Hammer-headed Fruit Bat,MAMMALIA,LC
Idiurus zenkeri,,LC,Pygmy Scaly-tailed Flying Squirrel,MAMMALIA,LC
Kerivoula lanosa,,LC,Lesser Woolly Bat,MAMMALIA,LC
Kobus ellipsiprymnus,,LC,Waterbuck,MAMMALIA,LC
Kobus kob,,LC,Kob,MAMMALIA,LC
Kobus ellipsiprymnus ssp. defassa,defassa,NT,Defassa Waterbuck,MAMMALIA,NT
Lavia frons,,LC,Yellow-winged Bat,MAMMALIA,LC
Leptailurus serval,,LC,Serval,MAMMALIA,LC
Lophocebus albigena,,VU,Grey-cheeked Mangabey,MAMMALIA,VU
Lophuromys sikapusi,,LC,Rusty-bellied Brush-furred Rat,MAMMALIA,LC
Loxodonta africana,,VU,African Elephant,MAMMALIA,VU
Hydrictis maculicollis,,NT,Spotted-necked Otter,MAMMALIA,NT
Lycaon pictus,,EN,African Wild Dog,MAMMALIA,EN
Malacomys longipes,,LC,Big-eared Swamp Rat,MAMMALIA,LC
Smutsia gigantea,,EN,Giant Ground Pangolin,MAMMALIA,EN
Smutsia temminckii,,VU,Temminck's Pangolin,MAMMALIA,VU
Phataginus tetradactyla,,VU,Black-bellied Pangolin,MAMMALIA,VU
Phataginus tricuspis,,EN,White-bellied Pangolin,MAMMALIA,EN
Mastomys erythroleucus,,LC,Guinea Multimammate Mouse,MAMMALIA,LC
Micropteropus pusillus,,LC,Peter's Dwarf Epauletted Fruit Bat,MAMMALIA,LC
Miniopterus inflatus,,LC,Greater Long-fingered Bat,MAMMALIA,LC
Mops brachypterus,,LC,Sierra Leone Mops Bat,MAMMALIA,LC
Mops congicus,,LC,Medje Mops Bat,MAMMALIA,LC
Mops demonstrator,,LC,Mongalla Mops Bat,MAMMALIA,LC
Mops midas,,LC,Midas Mops Bat,MAMMALIA,LC
Mops spurrelli,,LC,Spurrell's Mops Bat,MAMMALIA,LC
Mops thersites,,LC,Railer Bat,MAMMALIA,LC
Mops trevori,,DD,Trevor's Mops Bat,MAMMALIA,DD
Mus goundae,,DD,Gounda Mouse,MAMMALIA,DD
Mus oubanguii,,DD,Oubangui Mouse,MAMMALIA,DD
Myopterus daubentonii,,DD,Daubenton's Free-tailed Bat,MAMMALIA,DD
Myopterus whitleyi,,LC,Bini Free-tailed Bat,MAMMALIA,LC
Myotis bocagii,,LC,Bocage's Mouse-eared Bat,MAMMALIA,LC
Neotragus batesi,,LC,Bates' Pygmy Antelope,MAMMALIA,LC
Nycteris major,,DD,Dja Slit-faced Bat,MAMMALIA,DD
Nycteris thebaica,,LC,Cape Long-eared Bat,MAMMALIA,LC
Oreotragus oreotragus,,LC,Klipspringer,MAMMALIA,LC
Osteolaemus tetraspis,,VU,African Dwarf Crocodile,REPTILIA,VU
Otomops martiensseni,,NT,Large-eared Free-tailed Bat,MAMMALIA,NT
Ourebia ourebi,,LC,Oribi,MAMMALIA,LC
Pan troglodytes,,EN,Chimpanzee,MAMMALIA,EN
Pan troglodytes ssp. troglodytes,troglodytes,EN,Central Chimpanzee,MAMMALIA,EN
Pan troglodytes ssp. schweinfurthii,schweinfurthii,EN,Eastern Chimpanzee,MAMMALIA,EN
Panthera leo,,VU,Lion,MAMMALIA,VU
Panthera pardus,,VU,Leopard,MAMMALIA,VU
Pipistrellus rueppellii,,LC,Rüppel's Pipistrelle,MAMMALIA,LC
Pipistrellus rusticus,,LC,Rusty Bat,MAMMALIA,LC
Potamogale velox,,LC,Giant Otter Shrew,MAMMALIA,LC
Prionomys batesi,,DD,Dollman's Tree Mouse,MAMMALIA,DD
Piliocolobus oustaleti,,VU,Oustalet’s Red Colobus,MAMMALIA,VU
Caracal aurata,,VU,African Golden Cat,MAMMALIA,VU
Redunca redunca,,LC,Bohor Reedbuck,MAMMALIA,LC
Rhinopoma microphyllum,,LC,Greater Mouse-tailed Bat,MAMMALIA,LC
Scotoecus hirundo,,LC,Dark-winged Lesser House Bat,MAMMALIA,LC
Scotophilus leucogaster,,LC,White-bellied Yellow Bat,MAMMALIA,LC
Sylvicapra grimmia,,LC,Common Duiker,MAMMALIA,LC
Syncerus caffer,,NT,African Buffalo,MAMMALIA,NT
Taphozous mauritianus,,LC,Mauritian Tomb Bat,MAMMALIA,LC
Gerbilliscus kempi,,LC,Kemp's Gerbil,MAMMALIA,LC
Gerbilliscus robustus,,LC,Fringe-tailed Gerbil,MAMMALIA,LC
Tragelaphus eurycerus,,NT,Bongo,MAMMALIA,NT
Tragelaphus spekii,,LC,Sitatunga,MAMMALIA,LC
Tragelaphus scriptus,,LC,Bushbuck,MAMMALIA,LC
Tragelaphus strepsiceros,,LC,Greater Kudu,MAMMALIA,LC
Tragelaphus eurycerus ssp. eurycerus,eurycerus,NT,Lowland Bongo,MAMMALIA,NT
Tragelaphus derbianus ssp. gigas,gigas,VU,Eastern Giant Eland,MAMMALIA,VU
Xerus erythropus,,LC,Striped Ground Squirrel,MAMMALIA,LC
Zenkerella insignis,,LC,Cameroon Scaly-tail,MAMMALIA,LC
Diceros bicornis ssp. longipes,longipes,EX,Western Black Rhino,MAMMALIA,EX
Huetia leucorhina,,DD,Congo Golden Mole,MAMMALIA,DD
Atelerix albiventris,,LC,Four-toed Hedgehog,MAMMALIA,LC
Papio anubis,,LC,Olive Baboon,MAMMALIA,LC
Galagoides demidoff,,LC,Demidoff's Dwarf Galago,MAMMALIA,LC
Crocidura mutesae,,DD,Ugandan Musk Shrew,MAMMALIA,DD
Crocidura olivieri,,LC,Olivier's Shrew,MAMMALIA,LC
Orycteropus afer,,LC,Aardvark,MAMMALIA,LC
Nycticeinops schlieffeni,,LC,Schlieffen's Bat,MAMMALIA,LC
Nandinia binotata,,LC,African Palm Civet,MAMMALIA,LC
Atilax paludinosus,,LC,Marsh Mongoose,MAMMALIA,LC
Bdeogale nigripes,,LC,Black-legged Mongoose,MAMMALIA,LC
Crossarchus alexandri,,LC,Alexander's Cusimanse,MAMMALIA,LC
Crossarchus platycephalus,,LC,Flat-headed Cusimanse,MAMMALIA,LC
Dologale dybowskii,,DD,Pousargues's Mongoose,MAMMALIA,DD
Pelusios subniger,,LR/lc,Black-bellied Hinged Terrapin,REPTILIA,LR/lc
Herpestes sanguineus,,LC,Common Slender Mongoose,MAMMALIA,LC
Herpestes ichneumon,,LC,Egyptian Mongoose,MAMMALIA,LC
Herpestes naso,,LC,Long-nosed Mongoose,MAMMALIA,LC
Ichneumia albicauda,,LC,White-tailed Mongoose,MAMMALIA,LC
Mungos mungo,,LC,Banded Mongoose,MAMMALIA,LC
Mellivora capensis,,LC,Honey Badger,MAMMALIA,LC
Ictonyx striatus,,LC,Zorilla,MAMMALIA,LC
Civettictis civetta,,LC,African Civet,MAMMALIA,LC
Genetta genetta,,LC,Common Genet,MAMMALIA,LC
Genetta maculata,,LC,Large-spotted Genet,MAMMALIA,LC
Genetta servalina,,LC,Servaline Genet,MAMMALIA,LC
Poiana richardsonii,,LC,Central African Oyan,MAMMALIA,LC
Procavia capensis,,LC,Rock Hyrax,MAMMALIA,LC
Phacochoerus africanus,,LC,Common Warthog,MAMMALIA,LC
Hylochoerus meinertzhageni,,LC,Forest Hog,MAMMALIA,LC
Potamochoerus porcus,,LC,Red River Hog,MAMMALIA,LC
Lepus victoriae,,LC,African Savanna Hare,MAMMALIA,LC
Tragelaphus derbianus,,VU,Giant Eland,MAMMALIA,VU
Hipposideros gigas,,LC,Giant Leaf-nosed Bat,MAMMALIA,LC
Anomalurus beecrofti,,LC,Beecroft's Scaly-tailed Squirrel,MAMMALIA,LC
Neoromicia capensis,,LC,Cape Bat,MAMMALIA,LC
Neoromicia guineensis,,LC,Guinean Pipistrelle Bat,MAMMALIA,LC
Neoromicia nana,,LC,Banana Pipistrelle Bat,MAMMALIA,LC
Neoromicia rendalli,,LC,Rendall's Serotine,MAMMALIA,LC
Neoromicia somalica,,LC,Somali Serotine,MAMMALIA,LC
Neoromicia tenuipinnis,,LC,Slenderwinged Pipistrelle Bat,MAMMALIA,LC
Arvicanthis rufinus,,LC,Guinean Arvicanthis,MAMMALIA,LC
Sylvisorex pluvialis,,DD,Rain Forest Shrew,MAMMALIA,DD
Sylvisorex konganensis,,DD,Kongana Shrew,MAMMALIA,DD
Ptychadena tellinii,,LC,Central Grassland Frog,AMPHIBIA,LC
Arthroleptis variabilis,,LC,Buea Screeching Frog,AMPHIBIA,LC
Astylosternus batesi,,LC,Benito River Night Frog,AMPHIBIA,LC
Sclerophrys camerunensis,,LC,Oban Toad,AMPHIBIA,LC
Sclerophrys steindachneri,,LC,Steindachner's Toad,AMPHIBIA,LC
Hemisus marmoratus,,LC,Marbled Snout-burrower,AMPHIBIA,LC
Hyperolius tuberculatus,,LC,Rainforest Reed Frog,AMPHIBIA,LC
Kassina maculosa,,LC,Marbled Running Frog,AMPHIBIA,LC
Kassina senegalensis,,LC,Senegal Land Frog,AMPHIBIA,LC
Phrynobatrachus africanus,,LC,African Swamp Frog,AMPHIBIA,LC
Phrynobatrachus auritus,,LC,Eared River Frog,AMPHIBIA,LC
Phrynobatrachus calcaratus,,LC,Boutry River Frog,AMPHIBIA,LC
Xenopus boumbaensis,,NT,Mawa Clawed Frog,AMPHIBIA,NT
Xenopus laevis,,LC,African Clawed Frog,AMPHIBIA,LC
Xenopus pygmaeus,,LC,Bouchia Clawed Frog,AMPHIBIA,LC
Hildebrandtia ornata,,LC,African Ornate Frog,AMPHIBIA,LC
Hoplobatrachus occipitalis,,LC,African Groove-crowned Frog,AMPHIBIA,LC
Ptychadena aequiplicata,,LC,Victoria Grassland Frog,AMPHIBIA,LC
Ptychadena bibroni,,LC,Broad-banded Grass Frog,AMPHIBIA,LC
Ptychadena oxyrhynchus,,LC,Sharp-nosed Frog,AMPHIBIA,LC
Ptychadena perreti,,LC,Perret's Grassland Frog,AMPHIBIA,LC
Ptychadena trinodis,,LC,Dakar Grassland Frog,AMPHIBIA,LC
Chiromantis rufescens,,LC,African Foam-nest Treefrog,AMPHIBIA,LC
Herpele squalostoma,,LC,Congo Caecilian,AMPHIBIA,LC
Hipposideros vittatus,,NT,Striped Leaf-nosed Bat,MAMMALIA,NT
Chlorocebus tantalus,,LC,Tantalus Monkey,MAMMALIA,LC
Sciurocheirus gabonensis,,LC,Gabon Squirrel Galago,MAMMALIA,LC
Homo sapiens,,LC,Human,MAMMALIA,LC
Cercocebus agilis,,LC,Agile Mangabey,MAMMALIA,LC
Perodicticus edwardsi,,LC,Milne-Edwards's Potto,MAMMALIA,LC
Cercopithecus denti,,LC,Dent’s Monkey,MAMMALIA,LC
Colobus guereza ssp. occidentalis,occidentalis,LC,Western Guereza,MAMMALIA,LC
Cercopithecus ascanius ssp. schmidti,schmidti,LC,Schmidt's Red-tailed Monkey,MAMMALIA,LC
Chamaeleo africanus,,LC,Basilisk Chameleon,REPTILIA,LC
Cycloderma aubryi,,VU,Aubry's Flapshell Turtle,REPTILIA,VU
Chamaeleo gracilis,,LC,Slender Chameleon,REPTILIA,LC
Trioceros oweni,,LC,Owen's Three-horned Chameleon,REPTILIA,LC
Trioceros cristatus,,LC,Sail Backed Chameleon,REPTILIA,LC
Dasypeltis fasciata,,LC,Western Forest Egg Eater,REPTILIA,LC
Gonionotophis grantii,,LC,Grant's File Snake,REPTILIA,LC
Natriciteres olivacea,,LC,Olive Marsh Snake,REPTILIA,LC
Dendroaspis polylepis,,LC,Black Mamba,REPTILIA,LC
Varanus exanthematicus,,LC,Savannah Monitor,REPTILIA,LC
Panaspis togoensis,,LC,Togo Skink,REPTILIA,LC
Peliperdix schlegelii,,LC,Schlegel's Francolin,AVES,LC
Peliperdix lathami,,LC,Forest Francolin,AVES,LC
Pternistis clappertoni,,LC,Clapperton's Francolin,AVES,LC
Pternistis icterorhynchus,,LC,Heuglin's Francolin,AVES,LC
Pternistis squamatus,,LC,Scaly Francolin,AVES,LC
Coturnix delegorguei,,LC,Harlequin Quail,AVES,LC
Synoicus adansonii,,LC,African Blue Quail,AVES,LC
Ptilopachus petrosus,,LC,Stone Partridge,AVES,LC
Agelastes niger,,LC,Black Guineafowl,AVES,LC
Numida meleagris,,LC,Helmeted Guineafowl,AVES,LC
Guttera plumifera,,LC,Plumed Guineafowl,AVES,LC
Dendrocygna bicolor,,LC,Fulvous Whistling-duck,AVES,LC
Dendrocygna viduata,,LC,White-faced Whistling-duck,AVES,LC
Alopochen aegyptiaca,,LC,Egyptian Goose,AVES,LC
Plectropterus gambensis,,LC,Spur-winged Goose,AVES,LC
Pteronetta hartlaubii,,LC,Hartlaub's Duck,AVES,LC
Nettapus auritus,,LC,African Pygmy-goose,AVES,LC
Spatula clypeata,,LC,Northern Shoveler,AVES,LC
Anas acuta,,LC,Northern Pintail,AVES,LC
Spatula querquedula,,LC,Garganey,AVES,LC
Aythya nyroca,,NT,Ferruginous Duck,AVES,NT
Turnix sylvaticus,,LC,Common Buttonquail,AVES,LC
Indicator maculatus,,LC,Spotted Honeyguide,AVES,LC
Indicator indicator,,LC,Greater Honeyguide,AVES,LC
Indicator minor,,LC,Lesser Honeyguide,AVES,LC
Indicator willcocksi,,LC,Willcocks's Honeyguide,AVES,LC
Indicator exilis,,LC,Least Honeyguide,AVES,LC
Melichneutes robustus,,LC,Lyre-tailed Honeyguide,AVES,LC
Melignomon zenkeri,,LC,Zenker's Honeyguide,AVES,LC
Prodotiscus insignis,,LC,Cassin's Honeybird,AVES,LC
Prodotiscus regulus,,LC,Brown-backed Honeybird,AVES,LC
Jynx torquilla,,LC,Eurasian Wryneck,AVES,LC
Jynx ruficollis,,LC,Rufous-necked Wryneck,AVES,LC
Verreauxia africana,,LC,African Piculet,AVES,LC
Campethera punctuligera,,LC,Fine-spotted Woodpecker,AVES,LC
Campethera nubica,,LC,Nubian Woodpecker,AVES,LC
Campethera abingoni,,LC,Golden-tailed Woodpecker,AVES,LC
Campethera maculosa,,LC,Little Green Woodpecker,AVES,LC
Campethera nivosa,,LC,Buff-spotted Woodpecker,AVES,LC
Campethera caroli,,LC,Brown-eared Woodpecker,AVES,LC
Dendropicos poecilolaemus,,LC,Speckle-breasted Woodpecker,AVES,LC
Dendropicos fuscescens,,LC,Cardinal Woodpecker,AVES,LC
Dendropicos namaquus,,LC,Bearded Woodpecker,AVES,LC
Dendropicos xantholophus,,LC,Yellow-crested Woodpecker,AVES,LC
Dendropicos obsoletus,,LC,Brown-backed Woodpecker,AVES,LC
Gymnobucco sladeni,,LC,Sladen's Barbet,AVES,LC
Pogoniulus scolopaceus,,LC,Speckled Tinkerbird,AVES,LC
Pogoniulus atroflavus,,LC,Red-rumped Tinkerbird,AVES,LC
Pogoniulus subsulphureus,,LC,Yellow-throated Tinkerbird,AVES,LC
Pogoniulus bilineatus,,LC,Yellow-rumped Tinkerbird,AVES,LC
Pogoniulus chrysoconus,,LC,Yellow-fronted Tinkerbird,AVES,LC
Buccanodon duchaillui,,LC,Yellow-spotted Barbet,AVES,LC
Tricholaema hirsuta,,LC,Hairy-breasted Barbet,AVES,LC
Lybius vieilloti,,LC,Vieillot's Barbet,AVES,LC
Pogonornis bidentatus,,LC,Double-toothed Barbet,AVES,LC
Pogonornis dubius,,LC,Bearded Barbet,AVES,LC
Pogonornis rolleti,,LC,Black-breasted Barbet,AVES,LC
Lophoceros camurus,,LC,Dwarf Hornbill,AVES,LC
Lophoceros nasutus,,LC,African Grey Hornbill,AVES,LC
Bycanistes subcylindricus,,LC,Grey-cheeked Hornbill,AVES,LC
Bycanistes albotibialis,,LC,White-thighed Hornbill,AVES,LC
Ceratogymna atrata,,LC,Black-casqued Hornbill,AVES,LC
Bucorvus abyssinicus,,VU,Northern Ground-hornbill,AVES,VU
Upupa epops,,LC,Common Hoopoe,AVES,LC
Phoeniculus purpureus,,LC,Green Woodhoopoe,AVES,LC
Phoeniculus bollei,,LC,White-headed Woodhoopoe,AVES,LC
Rhinopomastus castaneiceps,,LC,Forest Scimitarbill,AVES,LC
Rhinopomastus aterrimus,,LC,Black Scimitarbill,AVES,LC
Apaloderma narina,,LC,Narina Trogon,AVES,LC
Apaloderma aequatoriale,,LC,Bare-cheeked Trogon,AVES,LC
Coracias garrulus,,LC,European Roller,AVES,LC
Coracias abyssinicus,,LC,Abyssinian Roller,AVES,LC
Coracias naevius,,LC,Purple Roller,AVES,LC
Coracias cyanogaster,,LC,Blue-bellied Roller,AVES,LC
Eurystomus glaucurus,,LC,Broad-billed Roller,AVES,LC
Eurystomus gularis,,LC,Blue-throated Roller,AVES,LC
Alcedo quadribrachys,,LC,Shining-blue Kingfisher,AVES,LC
Corythornis leucogaster,,LC,White-bellied Kingfisher,AVES,LC
Ispidina picta,,LC,African Pygmy-kingfisher,AVES,LC
Ispidina lecontei,,LC,African Dwarf-kingfisher,AVES,LC
Halcyon badia,,LC,Chocolate-backed Kingfisher,AVES,LC
Halcyon leucocephala,,LC,Grey-headed Kingfisher,AVES,LC
Halcyon senegalensis,,LC,Woodland Kingfisher,AVES,LC
Halcyon malimbica,,LC,Blue-breasted Kingfisher,AVES,LC
Halcyon chelicuti,,LC,Striped Kingfisher,AVES,LC
Megaceryle maxima,,LC,Giant Kingfisher,AVES,LC
Ceryle rudis,,LC,Pied Kingfisher,AVES,LC
Merops gularis,,LC,Black Bee-eater,AVES,LC
Merops bulocki,,LC,Red-throated Bee-eater,AVES,LC
Merops pusillus,,LC,Little Bee-eater,AVES,LC
Merops hirundineus,,LC,Swallow-tailed Bee-eater,AVES,LC
Merops breweri,,LC,Black-headed Bee-eater,AVES,LC
Merops albicollis,,LC,White-throated Bee-eater,AVES,LC
Merops persicus,,LC,Blue-cheeked Bee-eater,AVES,LC
Merops apiaster,,LC,European Bee-eater,AVES,LC
Merops nubicus,,LC,Northern Carmine Bee-eater,AVES,LC
Colius striatus,,LC,Speckled Mousebird,AVES,LC
Clamator jacobinus,,LC,Jacobin Cuckoo,AVES,LC
Clamator levaillantii,,LC,Levaillant's Cuckoo,AVES,LC
Clamator glandarius,,LC,Great Spotted Cuckoo,AVES,LC
Pachycoccyx audeberti,,LC,Thick-billed Cuckoo,AVES,LC
Cuculus solitarius,,LC,Red-chested Cuckoo,AVES,LC
Cuculus clamosus,,LC,Black Cuckoo,AVES,LC
Cuculus canorus,,LC,Common Cuckoo,AVES,LC
Cuculus gularis,,LC,African Cuckoo,AVES,LC
Cercococcyx mechowi,,LC,Dusky Long-tailed Cuckoo,AVES,LC
Cercococcyx olivinus,,LC,Olive Long-tailed Cuckoo,AVES,LC
Chrysococcyx flavigularis,,LC,Yellow-throated Cuckoo,AVES,LC
Chrysococcyx klaas,,LC,Klaas's Cuckoo,AVES,LC
Chrysococcyx cupreus,,LC,African Emerald Cuckoo,AVES,LC
Chrysococcyx caprius,,LC,Diederik Cuckoo,AVES,LC
Centropus grillii,,LC,Black Coucal,AVES,LC
Centropus anselli,,LC,Gabon Coucal,AVES,LC
Centropus monachus,,LC,Blue-headed Coucal,AVES,LC
Centropus senegalensis,,LC,Senegal Coucal,AVES,LC
Poicephalus gulielmi,,LC,Red-fronted Parrot,AVES,LC
Poicephalus senegalus,,LC,Senegal Parrot,AVES,LC
Poicephalus crassus,,LC,Niam-niam Parrot,AVES,LC
Poicephalus meyeri,,LC,Brown Parrot,AVES,LC
Agapornis pullarius,,LC,Red-headed Lovebird,AVES,LC
Agapornis swindernianus,,LC,Black-collared Lovebird,AVES,LC
Psittacula krameri,,LC,Rose-ringed Parakeet,AVES,LC
Telacanthura ussheri,,LC,Mottled Spinetail,AVES,LC
Telacanthura melanopygia,,LC,Black Spinetail,AVES,LC
Rhaphidura sabini,,LC,Sabine's Spinetail,AVES,LC
Neafrapus cassini,,LC,Cassin's Spinetail,AVES,LC
Tachymarptis aequatorialis,,LC,Mottled Swift,AVES,LC
Apus apus,,LC,Common Swift,AVES,LC
Apus pallidus,,LC,Pallid Swift,AVES,LC
Apus affinis,,LC,Little Swift,AVES,LC
Apus caffer,,LC,White-rumped Swift,AVES,LC
Apus batesi,,LC,Bates's Swift,AVES,LC
Tauraco persa,,LC,Green Turaco,AVES,LC
Tauraco schuettii,,LC,Black-billed Turaco,AVES,LC
Tauraco leucolophus,,LC,White-crested Turaco,AVES,LC
Musophaga violacea,,LC,Violet Turaco,AVES,LC
Musophaga rossae,,LC,Ross's Turaco,AVES,LC
Crinifer piscator,,LC,Western Plantain-eater,AVES,LC
Crinifer zonurus,,LC,Eastern Plantain-eater,AVES,LC
Corythaeola cristata,,LC,Great Blue Turaco,AVES,LC
Tyto alba,,LC,Common Barn-owl,AVES,LC
Otus icterorhynchus,,LC,Sandy Scops-owl,AVES,LC
Bubo lacteus,,LC,Verreaux's Eagle-owl,AVES,LC
Bubo leucostictus,,LC,Akun Eagle-owl,AVES,LC
Scotopelia peli,,LC,Pel's Fishing-owl,AVES,LC
Scotopelia bouvieri,,LC,Vermiculated Fishing-owl,AVES,LC
Strix woodfordii,,LC,African Wood-owl,AVES,LC
Glaucidium perlatum,,LC,Pearl-spotted Owlet,AVES,LC
Glaucidium tephronotum,,LC,Red-chested Owlet,AVES,LC
Glaucidium sjostedti,,LC,Sjostedt's Owlet,AVES,LC
Glaucidium castaneum,,LC,Chestnut Owlet,AVES,LC
Veles binotatus,,LC,Brown Nightjar,AVES,LC
Caprimulgus inornatus,,LC,Plain Nightjar,AVES,LC
Caprimulgus tristigma,,LC,Freckled Nightjar,AVES,LC
Caprimulgus batesi,,LC,Bates's Nightjar,AVES,LC
Caprimulgus climacurus,,LC,Long-tailed Nightjar,AVES,LC
Caprimulgus longipennis,,LC,Standard-winged Nightjar,AVES,LC
Caprimulgus vexillarius,,LC,Pennant-winged Nightjar,AVES,LC
Columba guinea,,LC,Speckled Pigeon,AVES,LC
Columba unicincta,,LC,Afep Pigeon,AVES,LC
Columba iriditorques,,LC,Western Bronze-naped Pigeon,AVES,LC
Streptopelia turtur,,VU,European Turtle-dove,AVES,VU
Spilopelia senegalensis,,LC,Laughing Dove,AVES,LC
Streptopelia decipiens,,LC,Mourning Collared-dove,AVES,LC
Streptopelia vinacea,,LC,Vinaceous Dove,AVES,LC
Streptopelia semitorquata,,LC,Red-eyed Dove,AVES,LC
Turtur abyssinicus,,LC,Black-billed Wood-dove,AVES,LC
Turtur afer,,LC,Blue-spotted Wood-dove,AVES,LC
Turtur tympanistria,,LC,Tambourine Dove,AVES,LC
Turtur brehmeri,,LC,Blue-headed Wood-dove,AVES,LC
Oena capensis,,LC,Namaqua Dove,AVES,LC
Treron waalia,,LC,Bruce's Green-pigeon,AVES,LC
Neotis denhami,,NT,Denham's Bustard,AVES,NT
Ardeotis arabs,,NT,Arabian Bustard,AVES,NT
Eupodotis senegalensis,,LC,White-bellied Bustard,AVES,LC
Lissotis melanogaster,,LC,Black-bellied Bustard,AVES,LC
Balearica pavonina,,VU,Black Crowned Crane,AVES,VU
Podica senegalensis,,LC,African Finfoot,AVES,LC
Sarothrura pulchra,,LC,White-spotted Flufftail,AVES,LC
Sarothrura rufa,,LC,Red-chested Flufftail,AVES,LC
Himantornis haematopus,,LC,Nkulengu Rail,AVES,LC
Canirallus oculeus,,LC,Grey-throated Rail,AVES,LC
Crex egregia,,LC,African Crake,AVES,LC
Zapornia flavirostra,,LC,Black Crake,AVES,LC
Porphyrio porphyrio,,LC,Purple Swamphen,AVES,LC
Porphyrio alleni,,LC,Allen's Gallinule,AVES,LC
Paragallinula angulata,,LC,Lesser Moorhen,AVES,LC
Pterocles exustus,,LC,Chestnut-bellied Sandgrouse,AVES,LC
Pterocles quadricinctus,,LC,Four-banded Sandgrouse,AVES,LC
Gallinago media,,NT,Great Snipe,AVES,NT
Gallinago gallinago,,LC,Common Snipe,AVES,LC
Lymnocryptes minimus,,LC,Jack Snipe,AVES,LC
Limosa limosa,,NT,Black-tailed Godwit,AVES,NT
Numenius arquata,,NT,Eurasian Curlew,AVES,NT
Tringa totanus,,LC,Common Redshank,AVES,LC
Tringa stagnatilis,,LC,Marsh Sandpiper,AVES,LC
Tringa nebularia,,LC,Common Greenshank,AVES,LC
Tringa ochropus,,LC,Green Sandpiper,AVES,LC
Tringa glareola,,LC,Wood Sandpiper,AVES,LC
Actitis hypoleucos,,LC,Common Sandpiper,AVES,LC
Calidris alba,,LC,Sanderling,AVES,LC
Calidris minuta,,LC,Little Stint,AVES,LC
Calidris temminckii,,LC,Temminck's Stint,AVES,LC
Calidris ferruginea,,NT,Curlew Sandpiper,AVES,NT
Calidris pugnax,,LC,Ruff,AVES,LC
Actophilornis africanus,,LC,African Jacana,AVES,LC
Microparra capensis,,LC,Lesser Jacana,AVES,LC
Burhinus senegalensis,,LC,Senegal Thick-knee,AVES,LC
Burhinus vermiculatus,,LC,Water Thick-knee,AVES,LC
Burhinus capensis,,LC,Spotted Thick-knee,AVES,LC
Recurvirostra avosetta,,LC,Pied Avocet,AVES,LC
Charadrius hiaticula,,LC,Common Ringed Plover,AVES,LC
Charadrius dubius,,LC,Little Ringed Plover,AVES,LC
Charadrius pecuarius,,LC,Kittlitz's Plover,AVES,LC
Charadrius forbesi,,LC,Forbes's Plover,AVES,LC
Charadrius marginatus,,LC,White-fronted Plover,AVES,LC
Vanellus spinosus,,LC,Spur-winged Lapwing,AVES,LC
Vanellus tectus,,LC,Black-headed Lapwing,AVES,LC
Vanellus albiceps,,LC,White-headed Lapwing,AVES,LC
Vanellus senegallus,,LC,Wattled Lapwing,AVES,LC
Vanellus superciliosus,,LC,Brown-chested Lapwing,AVES,LC
Vanellus gregarius,,CR,Sociable Lapwing,AVES,CR
Pluvianus aegyptius,,LC,Egyptian Plover,AVES,LC
Rhinoptilus chalcopterus,,LC,Bronze-winged Courser,AVES,LC
Cursorius temminckii,,LC,Temminck's Courser,AVES,LC
Glareola pratincola,,LC,Collared Pratincole,AVES,LC
Glareola nordmanni,,NT,Black-winged Pratincole,AVES,NT
Glareola nuchalis,,LC,Rock Pratincole,AVES,LC
Glareola cinerea,,LC,Grey Pratincole,AVES,LC
Rynchops flavirostris,,NT,African Skimmer,AVES,NT
Larus fuscus,,LC,Lesser Black-backed Gull,AVES,LC
Larus cirrocephalus,,LC,Grey-headed Gull,AVES,LC
Hydroprogne caspia,,LC,Caspian Tern,AVES,LC
Sterna paradisaea,,LC,Arctic Tern,AVES,LC
Chlidonias hybrida,,LC,Whiskered Tern,AVES,LC
Chlidonias leucopterus,,LC,White-winged Tern,AVES,LC
Pandion haliaetus,,LC,Osprey,AVES,LC
Aviceda cuculoides,,LC,African Cuckoo-hawk,AVES,LC
Pernis apivorus,,LC,European Honey-buzzard,AVES,LC
Macheiramphus alcinus,,LC,Bat Hawk,AVES,LC
Elanus caeruleus,,LC,Black-winged Kite,AVES,LC
Chelictinia riocourii,,LC,Scissor-tailed Kite,AVES,LC
Haliaeetus vocifer,,LC,African Fish-eagle,AVES,LC
Gypohierax angolensis,,LC,Palm-nut Vulture,AVES,LC
Neophron percnopterus,,EN,Egyptian Vulture,AVES,EN
Necrosyrtes monachus,,CR,Hooded Vulture,AVES,CR
Gyps africanus,,CR,White-backed Vulture,AVES,CR
Gyps rueppelli,,CR,Rüppell's Vulture,AVES,CR
Torgos tracheliotos,,EN,Lappet-faced Vulture,AVES,EN
Trigonoceps occipitalis,,CR,White-headed Vulture,AVES,CR
Circaetus cinereus,,LC,Brown Snake-eagle,AVES,LC
Circaetus cinerascens,,LC,Western Banded Snake-eagle,AVES,LC
Terathopius ecaudatus,,NT,Bateleur,AVES,NT
Dryotriorchis spectabilis,,LC,Congo Serpent-eagle,AVES,LC
Circus aeruginosus,,LC,Western Marsh-harrier,AVES,LC
Circus ranivorus,,LC,African Marsh-harrier,AVES,LC
Circus macrourus,,NT,Pallid Harrier,AVES,NT
Circus pygargus,,LC,Montagu's Harrier,AVES,LC
Polyboroides typus,,LC,African Harrier-hawk,AVES,LC
Kaupifalco monogrammicus,,LC,Lizard Buzzard,AVES,LC
Melierax metabates,,LC,Dark Chanting-goshawk,AVES,LC
Micronisus gabar,,LC,Gabar Goshawk,AVES,LC
Accipiter castanilius,,LC,Chestnut-flanked Sparrowhawk,AVES,LC
Accipiter badius,,LC,Shikra,AVES,LC
Accipiter erythropus,,LC,Red-legged Sparrowhawk,AVES,LC
Accipiter ovampensis,,LC,Ovambo Sparrowhawk,AVES,LC
Accipiter melanoleucus,,LC,Black Sparrowhawk,AVES,LC
Urotriorchis macrourus,,LC,Long-tailed Hawk,AVES,LC
Butastur rufipennis,,LC,Grasshopper Buzzard,AVES,LC
Buteo auguralis,,LC,Red-necked Buzzard,AVES,LC
Aquila rapax,,VU,Tawny Eagle,AVES,VU
Aquila verreauxii,,LC,Verreaux's Eagle,AVES,LC
Hieraaetus wahlbergi,,LC,Wahlberg's Eagle,AVES,LC
Aquila spilogaster,,LC,African Hawk-eagle,AVES,LC
Hieraaetus pennatus,,LC,Booted Eagle,AVES,LC
Polemaetus bellicosus,,VU,Martial Eagle,AVES,VU
Lophaetus occipitalis,,LC,Long-crested Eagle,AVES,LC
Aquila africana,,LC,Cassin's Hawk-eagle,AVES,LC
Stephanoaetus coronatus,,NT,Crowned Eagle,AVES,NT
Sagittarius serpentarius,,VU,Secretarybird,AVES,VU
Falco naumanni,,LC,Lesser Kestrel,AVES,LC
Falco tinnunculus,,LC,Common Kestrel,AVES,LC
Falco alopex,,LC,Fox Kestrel,AVES,LC
Falco ardosiaceus,,LC,Grey Kestrel,AVES,LC
Falco vespertinus,,NT,Red-footed Falcon,AVES,NT
Falco cuvierii,,LC,African Hobby,AVES,LC
Falco biarmicus,,LC,Lanner Falcon,AVES,LC
Tachybaptus ruficollis,,LC,Little Grebe,AVES,LC
Anhinga rufa,,LC,African Darter,AVES,LC
Microcarbo africanus,,LC,Long-tailed Cormorant,AVES,LC
Ardea cinerea,,LC,Grey Heron,AVES,LC
Ardea melanocephala,,LC,Black-headed Heron,AVES,LC
Ardea goliath,,LC,Goliath Heron,AVES,LC
Ardea purpurea,,LC,Purple Heron,AVES,LC
Ardea alba,,LC,Great White Egret,AVES,LC
Bubulcus ibis,,LC,Cattle Egret,AVES,LC
Ardeola ralloides,,LC,Squacco Heron,AVES,LC
Nycticorax nycticorax,,LC,Black-crowned Night-heron,AVES,LC
Tigriornis leucolopha,,LC,White-crested Tiger-heron,AVES,LC
Ixobrychus sturmii,,LC,Dwarf Bittern,AVES,LC
Botaurus stellaris,,LC,Eurasian Bittern,AVES,LC
Scopus umbretta,,LC,Hamerkop,AVES,LC
Plegadis falcinellus,,LC,Glossy Ibis,AVES,LC
Bostrychia hagedash,,LC,Hadada Ibis,AVES,LC
Bostrychia rara,,LC,Spot-breasted Ibis,AVES,LC
Threskiornis aethiopicus,,LC,African Sacred Ibis,AVES,LC
Platalea alba,,LC,African Spoonbill,AVES,LC
Balaeniceps rex,,VU,Shoebill,AVES,VU
Pelecanus onocrotalus,,LC,Great White Pelican,AVES,LC
Pelecanus rufescens,,LC,Pink-backed Pelican,AVES,LC
Mycteria ibis,,LC,Yellow-billed Stork,AVES,LC
Anastomus lamelligerus,,LC,African Openbill,AVES,LC
Ciconia nigra,,LC,Black Stork,AVES,LC
Ciconia abdimii,,LC,Abdim's Stork,AVES,LC
Ciconia ciconia,,LC,White Stork,AVES,LC
Ephippiorhynchus senegalensis,,LC,Saddlebill,AVES,LC
Leptoptilos crumenifer,,LC,Marabou,AVES,LC
Pitta angolensis,,LC,African Pitta,AVES,LC
Pitta reichenowi,,LC,Green-breasted Pitta,AVES,LC
Smithornis capensis,,LC,African Broadbill,AVES,LC
Smithornis sharpei,,LC,Grey-headed Broadbill,AVES,LC
Smithornis rufolateralis,,LC,Rufous-sided Broadbill,AVES,LC
Lanius collurio,,LC,Red-backed Shrike,AVES,LC
Lanius gubernator,,LC,Emin's Shrike,AVES,LC
Lanius excubitoroides,,LC,Grey-backed Fiscal,AVES,LC
Lanius senator,,LC,Woodchat Shrike,AVES,LC
Lanius nubicus,,LC,Masked Shrike,AVES,LC
Corvinella corvina,,LC,Yellow-billed Shrike,AVES,LC
Ptilostomus afer,,LC,Piapiac,AVES,LC
Corvus rhipidurus,,LC,Fan-tailed Raven,AVES,LC
Oriolus auratus,,LC,African Golden Oriole,AVES,LC
Oriolus brachyrynchus,,LC,Western Black-headed Oriole,AVES,LC
Oriolus nigripennis,,LC,Black-winged Oriole,AVES,LC
Ceblepyris pectoralis,,LC,White-breasted Cuckooshrike,AVES,LC
Cyanograucalus azureus,,LC,Blue Cuckooshrike,AVES,LC
Campephaga phoenicea,,LC,Red-shouldered Cuckooshrike,AVES,LC
Campephaga quiscalina,,LC,Purple-throated Cuckooshrike,AVES,LC
Lobotos oriolinus,,DD,Eastern Wattled Cuckooshrike,AVES,DD
Dicrurus ludwigii,,LC,Square-tailed Drongo,AVES,LC
Dicrurus atripennis,,LC,Shining Drongo,AVES,LC
Erythrocercus mccallii,,LC,Chestnut-capped Flycatcher,AVES,LC
Elminia longicauda,,LC,African Blue-flycatcher,AVES,LC
Elminia nigromitrata,,LC,Dusky Crested-flycatcher,AVES,LC
Trochocercus nitens,,LC,Western Crested-flycatcher,AVES,LC
Terpsiphone viridis,,LC,African Paradise-flycatcher,AVES,LC
Nilaus afer,,LC,Brubru,AVES,LC
Dryoscopus gambensis,,LC,Northern Puffback,AVES,LC
Dryoscopus senegalensis,,LC,Red-eyed Puffback,AVES,LC
Dryoscopus sabini,,LC,Sabine's Puffback,AVES,LC
Bocagia minuta,,LC,Marsh Tchagra,AVES,LC
Tchagra senegalus,,LC,Black-crowned Tchagra,AVES,LC
Tchagra australis,,LC,Brown-crowned Tchagra,AVES,LC
Laniarius erythrogaster,,LC,Black-headed Gonolek,AVES,LC
Laniarius leucorhynchus,,LC,Lowland Sooty Boubou,AVES,LC
Chlorophoneus bocagei,,LC,Bocage's Bush-shrike,AVES,LC
Chlorophoneus sulfureopectus,,LC,Orange-breasted Bush-shrike,AVES,LC
Malaconotus cruentus,,LC,Fiery-breasted Bush-shrike,AVES,LC
Malaconotus blanchoti,,LC,Grey-headed Bush-shrike,AVES,LC
Prionops plumatus,,LC,White-crested Helmetshrike,AVES,LC
Prionops rufiventris,,LC,Rufous-bellied Helmetshrike,AVES,LC
Megabyas flammulatus,,LC,African Shrike-flycatcher,AVES,LC
Bias musicus,,LC,Black-and-white Shrike-flycatcher,AVES,LC
Batis orientalis,,LC,Grey-headed Batis,AVES,LC
Batis minima,,LC,Gabon Batis,AVES,LC
Batis occulta,,LC,West African Batis,AVES,LC
Platysteira cyanea,,LC,Brown-throated Wattle-eye,AVES,LC
Dyaphorophyia tonsa,,LC,White-spotted Wattle-eye,AVES,LC
Picathartes oreas,,VU,Grey-necked Rockfowl,AVES,VU
Neocossyphus rufus,,LC,Red-tailed Ant-thrush,AVES,LC
Neocossyphus poensis,,LC,White-tailed Ant-thrush,AVES,LC
Monticola saxatilis,,LC,Rufous-tailed Rock-thrush,AVES,LC
Turdus pelios,,LC,African Thrush,AVES,LC
Chamaetylas poliocephala,,LC,Brown-chested Alethe,AVES,LC
Alethe castanea,,LC,Fire-crested Alethe,AVES,LC
Agricola pallidus,,LC,Pale Flycatcher,AVES,LC
Melaenornis edolioides,,LC,Northern Black-flycatcher,AVES,LC
Fraseria ocreata,,LC,African Forest-flycatcher,AVES,LC
Fraseria cinerascens,,LC,White-browed Forest-flycatcher,AVES,LC
Muscicapa striata,,LC,Spotted Flycatcher,AVES,LC
Muscicapa gambagae,,LC,Gambaga Flycatcher,AVES,LC
Bradornis fuliginosus,,LC,Sooty Flycatcher,AVES,LC
Muscicapa aquatica,,LC,Swamp Flycatcher,AVES,LC
Fraseria olivascens,,LC,Olivaceous Flycatcher,AVES,LC
Muscicapa adusta,,LC,African Dusky Flycatcher,AVES,LC
Muscicapa epulata,,LC,Little Grey Flycatcher,AVES,LC
Muscicapa sethsmithi,,LC,Yellow-footed Flycatcher,AVES,LC
Bradornis comitatus,,LC,Dusky-blue Flycatcher,AVES,LC
Muscicapa cassini,,LC,Cassin's Flycatcher,AVES,LC
Fraseria caerulescens,,LC,Ashy Flycatcher,AVES,LC
Fraseria griseigularis,,LC,Grey-throated Tit-flycatcher,AVES,LC
Fraseria plumbea,,LC,Grey Tit-flycatcher,AVES,LC
Ficedula hypoleuca,,LC,European Pied Flycatcher,AVES,LC
Sheppardia cyornithopsis,,LC,Lowland Akalat,AVES,LC
Luscinia megarhynchos,,LC,Common Nightingale,AVES,LC
Cossypha cyanocampter,,LC,Blue-shouldered Robin-chat,AVES,LC
Sheppardia polioptera,,LC,Grey-winged Akalat,AVES,LC
Cossypha heuglini,,LC,White-browed Robin-chat,AVES,LC
Cossypha natalensis,,LC,Red-capped Robin-chat,AVES,LC
Cossypha niveicapilla,,LC,Snowy-crowned Robin-chat,AVES,LC
Cossypha albicapillus,,LC,White-crowned Robin-chat,AVES,LC
Cichladusa ruficauda,,LC,Rufous-tailed Palm-thrush,AVES,LC
Tychaedon leucosticta,,LC,Forest Scrub-robin,AVES,LC
Cercotrichas hartlaubi,,LC,Brown-backed Scrub-robin,AVES,LC
Cercotrichas galactotes,,LC,Rufous-tailed Scrub-robin,AVES,LC
Phoenicurus phoenicurus,,LC,Common Redstart,AVES,LC
Saxicola rubetra,,LC,Whinchat,AVES,LC
Oenanthe hispanica,,LC,Black-eared Wheatear,AVES,LC
Oenanthe heuglinii,,LC,Heuglin's Wheatear,AVES,LC
Oenanthe familiaris,,LC,Familiar Chat,AVES,LC
Myrmecocichla tholloni,,LC,Congo Moor-chat,AVES,LC
Myrmecocichla aethiops,,LC,Northern Anteater-chat,AVES,LC
Myrmecocichla nigra,,LC,Sooty Chat,AVES,LC
Oenanthe albifrons,,LC,White-fronted Black-chat,AVES,LC
Thamnolaea cinnamomeiventris,,LC,Mocking Cliff-chat,AVES,LC
Poeoptera lugubris,,LC,Narrow-tailed Starling,AVES,LC
Grafisia torquata,,LC,White-collared Starling,AVES,LC
Onychognathus fulgidus,,LC,Chestnut-winged Starling,AVES,LC
Hylopsar purpureiceps,,LC,Purple-headed Starling,AVES,LC
Lamprotornis purpureus,,LC,Purple Starling,AVES,LC
Lamprotornis chalcurus,,LC,Bronze-tailed Starling,AVES,LC
Lamprotornis splendidus,,LC,Splendid Starling,AVES,LC
Lamprotornis caudatus,,LC,Long-tailed Glossy Starling,AVES,LC
Cinnyricinclus leucogaster,,LC,Violet-backed Starling,AVES,LC
Buphagus africanus,,LC,Yellow-billed Oxpecker,AVES,LC
Anthoscopus parvulus,,LC,Yellow Penduline-tit,AVES,LC
Anthoscopus flavifrons,,LC,Forest Penduline-tit,AVES,LC
Pholidornis rushiae,,LC,Tit-hylia,AVES,LC
Melaniparus guineensis,,LC,Pale-eyed Black Tit,AVES,LC
Melaniparus funereus,,LC,Dusky Tit,AVES,LC
Pseudochelidon eurystomina,,DD,African River Martin,AVES,DD
Riparia congica,,LC,Congo Sand Martin,AVES,LC
Neophedina cincta,,LC,Banded Martin,AVES,LC
Pseudhirundo griseopyga,,LC,Grey-rumped Swallow,AVES,LC
Hirundo rustica,,LC,Barn Swallow,AVES,LC
Hirundo aethiopica,,LC,Ethiopian Swallow,AVES,LC
Hirundo smithii,,LC,Wire-tailed Swallow,AVES,LC
Hirundo nigrita,,LC,White-bibbed Swallow,AVES,LC
Cecropis abyssinica,,LC,Lesser Striped Swallow,AVES,LC
Cecropis semirufa,,LC,Rufous-chested Swallow,AVES,LC
Cecropis senegalensis,,LC,Mosque Swallow,AVES,LC
Petrochelidon preussi,,LC,Preuss's Swallow,AVES,LC
Psalidoprocne nitens,,LC,Square-tailed Saw-wing,AVES,LC
Psalidoprocne pristoptera,,LC,Black Saw-wing,AVES,LC
Pycnonotus barbatus,,LC,Common Bulbul,AVES,LC
Eurillas virens,,LC,Little Greenbul,AVES,LC
Eurillas gracilis,,LC,Grey Greenbul,AVES,LC
Eurillas ansorgei,,LC,Ansorge's Greenbul,AVES,LC
Eurillas curvirostris,,LC,Plain Greenbul,AVES,LC
Stelgidillas gracilirostris,,LC,Slender-billed Greenbul,AVES,LC
Eurillas latirostris,,LC,Yellow-whiskered Greenbul,AVES,LC
Calyptocichla serinus,,LC,Golden Greenbul,AVES,LC
Baeopogon indicator,,LC,Honeyguide Greenbul,AVES,LC
Baeopogon clamans,,LC,White-tailed Greenbul,AVES,LC
Ixonotus guttatus,,LC,Spotted Greenbul,AVES,LC
Chlorocichla simplex,,LC,Simple Greenbul,AVES,LC
Chlorocichla falkensteini,,LC,Falkenstein's Greenbul,AVES,LC
Thescelocichla leucopleura,,LC,Swamp Palm Bulbul,AVES,LC
Pyrrhurus scandens,,LC,Leaf-love,AVES,LC
Phyllastrephus xavieri,,LC,Xavier's Greenbul,AVES,LC
Bleda syndactylus,,LC,Red-tailed Bristlebill,AVES,LC
Nicator chloris,,LC,Western Nicator,AVES,LC
Nicator vireo,,LC,Yellow-throated Nicator,AVES,LC
Criniger chloronotus,,LC,Eastern Bearded Greenbul,AVES,LC
Criniger calurus,,LC,Red-tailed Greenbul,AVES,LC
Criniger ndussumensis,,LC,White-bearded Greenbul,AVES,LC
Cisticola erythrops,,LC,Red-faced Cisticola,AVES,LC
Cisticola cantans,,LC,Singing Cisticola,AVES,LC
Cisticola lateralis,,LC,Whistling Cisticola,AVES,LC
Cisticola anonymus,,LC,Chattering Cisticola,AVES,LC
Cisticola ruficeps,,LC,Red-pate Cisticola,AVES,LC
Cisticola natalensis,,LC,Croaking Cisticola,AVES,LC
Cisticola brachypterus,,LC,Short-winged Cisticola,AVES,LC
Cisticola rufus,,LC,Rufous Cisticola,AVES,LC
Cisticola troglodytes,,LC,Foxy Cisticola,AVES,LC
Cisticola juncidis,,LC,Zitting Cisticola,AVES,LC
Cisticola eximius,,LC,Black-backed Cisticola,AVES,LC
Prinia subflava,,LC,Tawny-flanked Prinia,AVES,LC
Schistolais leucopogon,,LC,White-chinned Prinia,AVES,LC
Prinia bairdii,,LC,Banded Prinia,AVES,LC
Prinia erythroptera,,LC,Red-winged Prinia,AVES,LC
Drymocichla incana,,LC,Red-winged Grey Warbler,AVES,LC
Apalis nigriceps,,LC,Black-capped Apalis,AVES,LC
Apalis jacksoni,,LC,Black-throated Apalis,AVES,LC
Apalis rufogularis,,LC,Buff-throated Apalis,AVES,LC
Apalis goslingi,,LC,Gosling's Apalis,AVES,LC
Hypergerus atriceps,,LC,Oriole Warbler,AVES,LC
Camaroptera superciliaris,,LC,Yellow-browed Camaroptera,AVES,LC
Zosterops senegalensis,,LC,African Yellow White-eye,AVES,LC
Bradypterus grandis,,NT,Dja River Swamp-warbler,AVES,NT
Bathmocercus rufus,,LC,Black-faced Rufous-warbler,AVES,LC
Melocichla mentalis,,LC,Moustached Grass-warbler,AVES,LC
Acrocephalus schoenobaenus,,LC,Sedge Warbler,AVES,LC
Acrocephalus scirpaceus,,LC,Common Reed-warbler,AVES,LC
Acrocephalus rufescens,,LC,Greater Swamp-warbler,AVES,LC
Hippolais polyglotta,,LC,Melodious Warbler,AVES,LC
Hippolais icterina,,LC,Icterine Warbler,AVES,LC
Iduna natalensis,,LC,African Yellow Warbler,AVES,LC
Phyllolais pulchella,,LC,Buff-bellied Warbler,AVES,LC
Eremomela canescens,,LC,Green-backed Eremomela,AVES,LC
Eremomela badiceps,,LC,Rufous-crowned Eremomela,AVES,LC
Sylvietta virens,,LC,Green Crombec,AVES,LC
Sylvietta denti,,LC,Lemon-bellied Crombec,AVES,LC
Macrosphenus flavicans,,LC,Yellow Longbill,AVES,LC
Macrosphenus concolor,,LC,Grey Longbill,AVES,LC
Hylia prasina,,LC,Green Hylia,AVES,LC
Phylloscopus trochilus,,LC,Willow Warbler,AVES,LC
Phylloscopus sibilatrix,,LC,Wood Warbler,AVES,LC
Hyliota flavigaster,,LC,Yellow-bellied Hyliota,AVES,LC
Hyliota violacea,,LC,Violet-backed Hyliota,AVES,LC
Illadopsis cleaveri,,LC,Black-capped Illadopsis,AVES,LC
Illadopsis albipectus,,LC,Scaly-breasted Illadopsis,AVES,LC
Illadopsis fulvescens,,LC,Brown Illadopsis,AVES,LC
Illadopsis turdina,,LC,Spotted Illadopsis,AVES,LC
Turdoides reinwardtii,,LC,Blackcap Babbler,AVES,LC
Turdoides tenebrosa,,LC,Dusky Babbler,AVES,LC
Turdoides plebejus,,LC,Brown Babbler,AVES,LC
Sylvia borin,,LC,Garden Warbler,AVES,LC
Sylvia communis,,LC,Common Whitethroat,AVES,LC
Mirafra rufocinnamomea,,LC,Flappet Lark,AVES,LC
Pinarocorys erythropygia,,LC,Rufous-rumped Lark,AVES,LC
Eremopterix leucotis,,LC,Chestnut-backed Sparrow-lark,AVES,LC
Galerida cristata,,LC,Crested Lark,AVES,LC
Galerida modesta,,LC,Sun Lark,AVES,LC
Anthreptes longuemarei,,LC,Western Violet-backed Sunbird,AVES,LC
Anthreptes aurantius,,LC,Violet-tailed Sunbird,AVES,LC
Hedydipna collaris,,LC,Collared Sunbird,AVES,LC
Hedydipna platura,,LC,Pygmy Sunbird,AVES,LC
Anthreptes seimundi,,LC,Little Green Sunbird,AVES,LC
Cinnyris batesi,,LC,Bates's Sunbird,AVES,LC
Cyanomitra olivacea,,LC,Olive Sunbird,AVES,LC
Anabathmis reichenbachii,,LC,Reichenbach's Sunbird,AVES,LC
Cyanomitra verticalis,,LC,Green-headed Sunbird,AVES,LC
Cyanomitra cyanolaema,,LC,Blue-throated Brown Sunbird,AVES,LC
Chalcomitra rubescens,,LC,Green-throated Sunbird,AVES,LC
Chalcomitra senegalensis,,LC,Scarlet-chested Sunbird,AVES,LC
Cinnyris venustus,,LC,Variable Sunbird,AVES,LC
Cinnyris bouvieri,,LC,Orange-tufted Sunbird,AVES,LC
Cinnyris osea,,LC,Palestine Sunbird,AVES,LC
Cinnyris reichenowi,,LC,Northern Double-collared Sunbird,AVES,LC
Cinnyris chloropygius,,LC,Olive-bellied Sunbird,AVES,LC
Cinnyris minullus,,LC,Tiny Sunbird,AVES,LC
Cinnyris cupreus,,LC,Copper Sunbird,AVES,LC
Cinnyris coccinigastrus,,LC,Splendid Sunbird,AVES,LC
Cinnyris johannae,,LC,Johanna's Sunbird,AVES,LC
Cinnyris superbus,,LC,Superb Sunbird,AVES,LC
Passer griseus,,LC,Northern Grey-headed Sparrow,AVES,LC
Gymnoris dentata,,LC,Sahel Bush-sparrow,AVES,LC
Motacilla alba,,LC,White Wagtail,AVES,LC
Motacilla aguimp,,LC,African Pied Wagtail,AVES,LC
Motacilla cinerea,,LC,Grey Wagtail,AVES,LC
Motacilla clara,,LC,Mountain Wagtail,AVES,LC
Macronyx croceus,,LC,Yellow-throated Longclaw,AVES,LC
Anthus leucophrys,,LC,Plain-backed Pipit,AVES,LC
Anthus trivialis,,LC,Tree Pipit,AVES,LC
Bubalornis albirostris,,LC,White-billed Buffalo-weaver,AVES,LC
Sporopipes frontalis,,LC,Speckle-fronted Weaver,AVES,LC
Plocepasser superciliosus,,LC,Chestnut-crowned Sparrow-weaver,AVES,LC
Ploceus baglafecht,,LC,Baglafecht Weaver,AVES,LC
Ploceus luteolus,,LC,Little Weaver,AVES,LC
Ploceus intermedius,,LC,Lesser Masked Weaver,AVES,LC
Ploceus ocularis,,LC,Spectacled Weaver,AVES,LC
Ploceus aurantius,,LC,Orange Weaver,AVES,LC
Ploceus heuglini,,LC,Heuglin's Masked Weaver,AVES,LC
Ploceus vitellinus,,LC,Vitelline Masked Weaver,AVES,LC
Ploceus cucullatus,,LC,Village Weaver,AVES,LC
Ploceus melanocephalus,,LC,Black-headed Weaver,AVES,LC
Ploceus tricolor,,LC,Yellow-mantled Weaver,AVES,LC
Ploceus albinucha,,LC,Maxwell's Black Weaver,AVES,LC
Ploceus preussi,,LC,Preuss's Weaver,AVES,LC
Ploceus dorsomaculatus,,LC,Yellow-capped Weaver,AVES,LC
Ploceus superciliosus,,LC,Compact Weaver,AVES,LC
Malimbus coronatus,,LC,Red-crowned Malimbe,AVES,LC
Malimbus cassini,,LC,Cassin's Malimbe,AVES,LC
Malimbus erythrogaster,,LC,Red-bellied Malimbe,AVES,LC
Malimbus nitens,,LC,Blue-billed Malimbe,AVES,LC
Malimbus malimbicus,,LC,Crested Malimbe,AVES,LC
Malimbus rubricollis,,LC,Red-headed Malimbe,AVES,LC
Brachycope anomala,,LC,Bob-tailed Weaver,AVES,LC
Quelea erythrops,,LC,Red-headed Quelea,AVES,LC
Quelea quelea,,LC,Red-billed Quelea,AVES,LC
Euplectes afer,,LC,Yellow-crowned Bishop,AVES,LC
Euplectes gierowii,,LC,Black Bishop,AVES,LC
Euplectes hordeaceus,,LC,Black-winged Bishop,AVES,LC
Euplectes franciscanus,,LC,Northern Red Bishop,AVES,LC
Euplectes axillaris,,LC,Fan-tailed Widowbird,AVES,LC
Euplectes macroura,,LC,Yellow-mantled Widowbird,AVES,LC
Euplectes albonotatus,,LC,White-winged Widowbird,AVES,LC
Amblyospiza albifrons,,LC,Thick-billed Weaver,AVES,LC
Parmoptila woodhousei,,LC,Woodhouse's Antpecker,AVES,LC
Nigrita fusconotus,,LC,White-breasted Nigrita,AVES,LC
Nigrita bicolor,,LC,Chestnut-breasted Nigrita,AVES,LC
Nigrita luteifrons,,LC,Pale-fronted Nigrita,AVES,LC
Nigrita canicapillus,,LC,Grey-headed Nigrita,AVES,LC
Nesocharis capistrata,,LC,Grey-headed Oliveback,AVES,LC
Pytilia melba,,LC,Green-winged Pytilia,AVES,LC
Pytilia hypogrammica,,LC,Yellow-winged Pytilia,AVES,LC
Mandingoa nitidula,,LC,Green Twinspot,AVES,LC
Pyrenestes ostrinus,,LC,Black-bellied Seedcracker,AVES,LC
Spermophaga haematina,,LC,Western Bluebill,AVES,LC
Spermophaga ruficapilla,,LC,Red-headed Bluebill,AVES,LC
Clytospiza monteiri,,LC,Brown Twinspot,AVES,LC
Euschistospiza dybowskii,,LC,Dybowski's Twinspot,AVES,LC
Lagonosticta rufopicta,,LC,Bar-breasted Firefinch,AVES,LC
Lagonosticta senegala,,LC,Red-billed Firefinch,AVES,LC
Lagonosticta rara,,LC,Black-bellied Firefinch,AVES,LC
Uraeginthus bengalus,,LC,Red-cheeked Cordon-bleu,AVES,LC
Estrilda coerulescens,,LC,Lavender Waxbill,AVES,LC
Estrilda paludicola,,LC,Fawn-breasted Waxbill,AVES,LC
Estrilda melpoda,,LC,Orange-cheeked Waxbill,AVES,LC
Estrilda troglodytes,,LC,Black-rumped Waxbill,AVES,LC
Estrilda astrild,,LC,Common Waxbill,AVES,LC
Estrilda nonnula,,LC,Black-crowned Waxbill,AVES,LC
Amandava subflava,,LC,Zebra Waxbill,AVES,LC
Euodice cantans,,LC,African Silverbill,AVES,LC
Spermestes cucullata,,LC,Bronze Mannikin,AVES,LC
Spermestes fringilloides,,LC,Magpie Mannikin,AVES,LC
Vidua chalybeata,,LC,Village Indigobird,AVES,LC
Vidua wilsoni,,LC,Wilson's Indigobird,AVES,LC
Vidua macroura,,LC,Pin-tailed Whydah,AVES,LC
Crithagra leucopygia,,LC,White-rumped Seedeater,AVES,LC
Crithagra mozambica,,LC,Yellow-fronted Canary,AVES,LC
Emberiza flaviventris,,LC,Golden-breasted Bunting,AVES,LC
Emberiza affinis,,LC,Brown-rumped Bunting,AVES,LC
Emberiza cabanisi,,LC,Cabanis's Bunting,AVES,LC
Psittacus erithacus,,EN,Grey Parrot,AVES,EN
Turnix nanus,,LC,Black-rumped Buttonquail,AVES,LC
Ceuthmochares aereus,,LC,Chattering Yellowbill,AVES,LC
Merops viridissimus,,LC,African Green Bee-eater,AVES,LC
Tockus erythrorhynchus,,LC,Red-billed Hornbill,AVES,LC
Horizocerus cassini,,LC,Eastern Long-tailed Hornbill,AVES,LC
Bycanistes sharpii,,LC,Eastern Piping Hornbill,AVES,LC
Trachylaemus purpuratus,,LC,Eastern Yellow-billed Barbet,AVES,LC
Gymnobucco bonapartei,,LC,Grey-throated Barbet,AVES,LC
Gymnobucco cinereiceps,,LC,Grey-headed Barbet,AVES,LC
Lybius leucocephalus,,LC,White-headed Barbet,AVES,LC
Horizocerus hartlaubi,,LC,Western Little Hornbill,AVES,LC
Horizocerus granti,,LC,Eastern Little Hornbill,AVES,LC
Dendropicos elliotii,,LC,Elliot's Woodpecker,AVES,LC
Ciconia microscelis,,LC,African Woollyneck,AVES,LC
Ardea brachyrhyncha,,LC,Yellow-billed Egret,AVES,LC
Accipiter toussenelii,,LC,Red-chested Goshawk,AVES,LC
Falco ruficollis,,LC,Red-necked Falcon,AVES,LC
Himantopus himantopus,,LC,Black-winged Stilt,AVES,LC
Butorides striata,,LC,Green-backed Heron,AVES,LC
Anas crecca,,LC,Common Teal,AVES,LC
Bubo poensis,,LC,Fraser's Eagle-owl,AVES,LC
Caprimulgus pectoralis,,LC,Fiery-necked Nightjar,AVES,LC
Dendropicos gabonensis,,LC,Gabon Woodpecker,AVES,LC
Dendropicos goertae,,LC,Grey Woodpecker,AVES,LC
Lanius collaris,,LC,Common Fiscal,AVES,LC
Chlorophoneus multicolor,,LC,Many-coloured Bush-shrike,AVES,LC
Eremomela pusilla,,LC,Senegal Eremomela,AVES,LC
Terpsiphone rufiventer,,LC,Red-bellied Paradise-flycatcher,AVES,LC
Lagonosticta rubricata,,LC,African Firefinch,AVES,LC
Circaetus beaudouini,,VU,Beaudouin's Snake-eagle,AVES,VU
Batis erlangeri,,LC,Western Black-headed Batis,AVES,LC
Circaetus gallicus,,LC,Short-toed Snake-eagle,AVES,LC
Circaetus pectoralis,,LC,Black-chested Snake-eagle,AVES,LC
Iduna pallida,,LC,Olivaceous Warbler,AVES,LC
Milvus migrans,,LC,Black Kite,AVES,LC
Ixobrychus minutus,,LC,Common Little Bittern,AVES,LC
Rostratula benghalensis,,LC,Greater Painted-snipe,AVES,LC
Corvus albus,,LC,Pied Crow,AVES,LC
Merops muelleri,,LC,Blue-headed Bee-eater,AVES,LC
Buteo rufinus,,LC,Long-legged Buzzard,AVES,LC
Struthio camelus,,LC,Common Ostrich,AVES,LC
Falco peregrinus,,LC,Peregrine Falcon,AVES,LC
Treron calvus,,LC,African Green-pigeon,AVES,LC
Guttera verreauxi,,LC,Western Crested Guineafowl,AVES,LC
Sarkidiornis melanotos,,LC,African Comb Duck,AVES,LC
Hylomyscus walterverheyeni,,LC,Walter Verheyen's Mouse,MAMMALIA,LC
Hyperolius jacobseni,,DD,Jacobsen's Long Reed Frog,AMPHIBIA,DD
Sylvisorex ollula,,LC,Forest Musk Shrew,MAMMALIA,LC
Felis silvestris,,LC,Wild Cat,MAMMALIA,LC
Lophoceros fasciatus,,LC,Congo Pied Hornbill,AVES,LC
Merops variegatus,,LC,Blue-breasted Bee-eater,AVES,LC
Corythornis cristatus,,LC,Malachite Kingfisher,AVES,LC
Buteo buteo,,LC,Eurasian Buzzard,AVES,LC
Bubo cinerascens,,LC,Greyish Eagle-owl,AVES,LC
Ptilopsis leucotis,,LC,Northern White-faced Owl,AVES,LC
Otus senegalensis,,LC,African Scops-owl,AVES,LC
Gallinula chloropus,,LC,Common Moorhen,AVES,LC
Egretta garzetta,,LC,Little Egret,AVES,LC
Ptychadena mascareniensis,,LC,Mascarene Grass Frog,AMPHIBIA,LC
Triaenops persicus,,LC,Persian Trident Bat,MAMMALIA,LC
Triaenops afer,,LC,African Trident Bat,MAMMALIA,LC
Megaloglossus woermanni,,LC,Woermann's Bat,MAMMALIA,LC
Myonycteris torquata,,LC,Little Collared Fruit Bat,MAMMALIA,LC
Scotonycteris zenkeri,,LC,Zenker's Fruit Bat,MAMMALIA,LC
Sclerophrys pusilla,,LC,Merten's Striped Toad,AMPHIBIA,LC
Giraffa camelopardalis ssp. antiquorum,antiquorum,CR,Kordofan Giraffe,MAMMALIA,CR
Cercopithecus pogonias,,NT,Crowned Monkey,MAMMALIA,NT
Lophocebus albigena ssp. albigena,albigena,VU,Gray-cheeked Mangabey,MAMMALIA,VU
Oriolus oriolus,,LC,Eurasian Golden Oriole,AVES,LC
Dyaphorophyia castanea,,LC,Chestnut Wattle-eye,AVES,LC
Dyaphorophyia ansorgei,,LC,Yellow-bellied Wattle-eye,AVES,LC
Dicrurus adsimilis,,LC,Fork-tailed Drongo,AVES,LC
Dicrurus modestus,,LC,Velvet-mantled Drongo,AVES,LC
Terpsiphone rufocinerea,,LC,Rufous-vented Paradise-flycatcher,AVES,LC
Terpsiphone batesi,,LC,Bates's Paradise-flycatcher,AVES,LC
Crithagra canicapilla,,LC,West African Seedeater,AVES,LC
Crithagra gularis,,LC,Streaky-headed Seedeater,AVES,LC
Stiphrornis xanthogaster,,LC,Yellow-breasted Forest-robin,AVES,LC
Sylvietta brachyura,,LC,Northern Crombec,AVES,LC
Emberiza tahapisi,,LC,Cinnamon-breasted Bunting,AVES,LC
Emberiza goslingi,,LC,Grey-throated Bunting,AVES,LC
Apalis flavida,,LC,Yellow-breasted Apalis,AVES,LC
Oenanthe oenanthe,,LC,Northern Wheatear,AVES,LC
Camaroptera brachyura,,LC,Bleating Camaroptera,AVES,LC
Camaroptera chloronota,,LC,Olive-green Camaroptera,AVES,LC
Camaroptera toroensis,,LC,Tawny-breasted Camaroptera,AVES,LC
Cisticola aberrans,,LC,Lazy Cisticola,AVES,LC
Cisticola marginatus,,LC,Winding Cisticola,AVES,LC
Deleornis fraseri,,LC,Fraser's Sunbird,AVES,LC
Anthreptes tephrolaemus,,LC,Grey-chinned Sunbird,AVES,LC
Cinnyris pulchellus,,LC,Beautiful Sunbird,AVES,LC
Euplectes ardens,,LC,Red-collared Widowbird,AVES,LC
Ploceus nigricollis,,LC,Black-necked Weaver,AVES,LC
Delichon urbicum,,LC,Northern House Martin,AVES,LC
Ploceus nigerrimus,,LC,Vieillot's Black Weaver,AVES,LC
Anaplectes leuconotos,,LC,Northern Red-headed Weaver,AVES,LC
Cecropis daurica,,LC,Red-rumped Swallow,AVES,LC
Lagonosticta nigricollis,,LC,Grey Firefinch,AVES,LC
Pytilia phoenicoptera,,LC,Red-winged Pytilia,AVES,LC
Estrilda atricapilla,,LC,Black-headed Waxbill,AVES,LC
Riparia paludicola,,LC,African Plain Martin,AVES,LC
Riparia riparia,,LC,Collared Sand Martin,AVES,LC
Bleda notatus,,LC,Yellow-lored Bristlebill,AVES,LC
Bleda ugandae,,LC,Yellow-eyed Bristlebill,AVES,LC
Atimastillas flavicollis,,LC,Yellow-throated Greenbul,AVES,LC
Atimastillas flavigula,,LC,Pale-throated Greenbul,AVES,LC
Vidua interjecta,,LC,Exclamatory Paradise-whydah,AVES,LC
Vidua orientalis,,LC,Sahel Paradise-whydah,AVES,LC
Phyllastrephus albigularis,,LC,White-throated Greenbul,AVES,LC
Motacilla flava,,LC,Western Yellow Wagtail,AVES,LC
Illadopsis rufipennis,,LC,Pale-breasted Illadopsis,AVES,LC
Phyllanthus bohndorffi,,LC,Grey-caped Capuchin Babbler,AVES,LC
Onychognathus neumanni,,LC,Neumann's Starling,AVES,LC
Stizorhina fraseri,,LC,Rufous Flycatcher-thrush,AVES,LC
Salpornis salvadori,,LC,African Spotted Creeper,AVES,LC
Ptyonoprogne rufigula,,LC,Red-throated Rock Martin,AVES,LC
Laniarius aethiopicus,,LC,Tropical Boubou,AVES,LC
Acrocephalus arundinaceus,,LC,Great Reed-warbler,AVES,LC
Spermestes bicolor,,LC,Black-and-white Mannikin,AVES,LC
Lamprotornis chloropterus,,LC,Lesser Blue-eared Starling,AVES,LC
Cricetomys gambianus,,LC,Gambian Rat,MAMMALIA,LC
Crocidura goliath,,LC,Goliath Shrew,MAMMALIA,LC
Canis lupaster,,LC,African Wolf,MAMMALIA,LC
Phyllastrephus icterinus,,LC,Icterine Greenbul,AVES,LC
Otus scops,,LC,Eurasian Scops-owl,AVES,LC
Cypsiurus parvus,,LC,African Palm-swift,AVES,LC
